episode,steps,X,Y,yaw,steer,throttle,action,reward,done,all_wheels_on_track,progress,closest_waypoint,track_len,tstamp,episode_status,pause_duration
0,1.0,3.199880083133342,0.6831048981824193,0.18318429071578513,-6.187758922576904,3.7,[-6.187758922576904 3.7],0.0,False,True,0.7913830968126133,1,17.709159380834848,5.425,prepare,0.0
0,2.0,3.1997327938476117,0.6831032114197831,0.18326595495146542,-6.409618377685547,3.7,[-6.409618377685547 3.7],1.0,False,True,0.7905513581379272,1,17.709159380834848,5.496,in_progress,0.0
0,3.0,3.211028108327529,0.6859289350252578,0.8702964953182604,0.2771286964416504,1.7021993279457095,[0.2771286964416504 1.7021993279457095],1.0,False,True,0.8543581245900534,1,17.709159380834848,5.559,in_progress,0.0
0,4.0,3.2331062981277308,0.685842082240299,0.7469989840414223,-13.542524814605713,3.7,[-13.542524814605713 3.7],1.0,False,True,0.9790282483241964,1,17.709159380834848,5.624,in_progress,0.0
0,5.0,3.2730800030175464,0.6828887135244656,-0.027178734524992403,-9.68505334854126,3.7,[-9.68505334854126 3.7],1.0,False,True,1.204725778906805,1,17.709159380834848,5.694,in_progress,0.0
0,6.0,3.3313487595325864,0.6743883450838076,-1.9863462351090526,5.361003175377846,3.7,[5.361003175377846 3.7],1.0,False,True,1.533683636190772,2,17.709159380834848,5.76,in_progress,0.0
0,7.0,3.404127728201236,0.6688341796037485,-2.6772608193969556,17.878755569458008,3.7,[17.878755569458008 3.7],1.0,False,True,1.9447082012937464,2,17.709159380834848,5.82,in_progress,0.0
0,8.0,3.4905852671429605,0.6760543873508823,-0.16566504443542604,3.2840301990509033,3.7,[3.2840301990509033 3.7],1.0,False,True,2.432926556693692,3,17.709159380834848,5.893,in_progress,0.0
0,9.0,3.594187739969877,0.6917210628216223,3.298472784026944,-18.0,3.7,[-18.0 3.7],1.0,False,True,3.0179775877628625,4,17.709159380834848,5.961,in_progress,0.0
0,10.0,3.714126316043881,0.6970540428081271,3.198343609822041,-18.0,3.7,[-18.0 3.7],1.0,False,True,3.6952563722590446,4,17.709159380834848,6.023,in_progress,0.0
0,11.0,3.8353734423527843,0.6827078430795193,-1.2594666295103423,-13.92632532119751,3.5502456784248353,[-13.92632532119751 3.5502456784248353],1.0,False,True,4.379883885701358,5,17.709159380834848,6.094,in_progress,0.0
0,12.0,3.9866303645983683,0.6433581267855462,-8.712045821567438,11.883738398551941,3.7,[11.883738398551941 3.7],1.0,False,True,5.23392352694957,6,17.709159380834848,6.161,in_progress,0.0
0,13.0,4.12858406527742,0.602386466073005,-13.151973775575549,14.835695028305054,2.3275886435061697,[14.835695028305054 2.3275886435061697],0.5,False,True,6.03542372125052,7,17.709159380834848,6.224,in_progress,0.0
0,14.0,4.299986474653754,0.571020143095234,-12.353493088849623,22.56289529800415,1.1907183289527894,[22.56289529800415 1.1907183289527894],0.5,False,True,7.003231614760617,8,17.709159380834848,6.2940000000000005,in_progress,0.0
0,15.0,4.44881730740426,0.5539983000018756,-9.259704565341746,23.698782920837402,1.2090911209583284,[23.698782920837402 1.2090911209583284],0.5,False,True,7.843617176603164,9,17.709159380834848,6.36,in_progress,0.0
0,16.0,4.578142776537108,0.5495859019092826,-5.831990179519819,17.802244663238525,1.4672212898731232,[17.802244663238525 1.4672212898731232],0.5,False,True,8.573873686927639,10,17.709159380834848,6.43,in_progress,0.0
0,17.0,4.704061551580499,0.5530825989963134,-2.4598435022443055,10.542580604553223,2.2983333103358747,[10.542580604553223 2.2983333103358747],0.5,False,True,9.28491845793494,11,17.709159380834848,6.492,in_progress,0.0
0,18.0,4.817357265342095,0.5651840309542778,1.0579603533895579,13.873301267623901,2.997980678081513,[13.873301267623901 2.997980678081513],0.5,False,True,9.924689777850322,12,17.709159380834848,6.557,in_progress,0.0
0,19.0,4.9581929113591485,0.5969615594770744,7.054363031075286,-12.592027187347412,2.2944351039826874,[-12.592027187347412 2.2944351039826874],0.5,False,True,10.720026771789254,13,17.709159380834848,6.624,in_progress,0.0
0,20.0,5.087341821618689,0.6298636118233413,11.196559883240361,-18.0,2.070744195580483,[-18.0 2.070744195580483],1.0,False,True,11.449387596202548,14,17.709159380834848,6.694,in_progress,0.0
0,21.0,5.233016023392221,0.6509762300083781,9.913116817406879,-18.0,2.1534410148859022,[-18.0 2.1534410148859022],1.0,False,True,12.272031361381016,15,17.709159380834848,6.76,in_progress,0.0
0,22.0,5.378639700542252,0.6614364140793081,6.958379866967963,-18.0,2.0347088098526003,[-18.0 2.0347088098526003],1.0,False,True,13.094337508700438,15,17.709159380834848,6.827,in_progress,0.0
0,23.0,5.510921208874583,0.661553159947058,3.704750762009888,-18.0,1.579494220018387,[-18.0 1.579494220018387],1.0,False,True,13.841174569588407,16,17.709159380834848,6.89,in_progress,0.0
0,24.0,5.645040768435895,0.6513265561715657,-0.13709058655889816,0.9835381507873535,1.8900858074426652,[0.9835381507873535 1.8900858074426652],1.0,False,True,14.598768582559787,17,17.709159380834848,6.963,in_progress,0.0
0,25.0,5.778494923756269,0.6399726084106103,-2.4089817236276834,18.90533208847046,1.795662522315979,[18.90533208847046 1.795662522315979],1.0,False,True,15.35345148178457,18,17.709159380834848,7.026,in_progress,0.0
0,26.0,5.9044574884958205,0.6399826686051907,-1.3235633972363046,19.390239715576172,1.3890826642513276,[19.390239715576172 1.3890826642513276],1.0,False,True,16.064728458309496,19,17.709159380834848,7.09,in_progress,0.0
0,27.0,6.027779952101437,0.6477466746172733,0.9057341079325264,22.72348165512085,1.2748374819755555,[22.72348165512085 1.2748374819755555],1.0,False,True,16.761636526410374,20,17.709159380834848,7.161,in_progress,0.0
0,28.0,6.142008516158279,0.6646908425724259,4.102674013697033,27.095709800720215,1.2426205694675447,[27.095709800720215 1.2426205694675447],1.0,False,True,17.40231345984361,21,17.709159380834848,7.23,in_progress,0.0
0,29.0,6.240779676533045,0.6872180705623786,7.411870064433165,26.01039218902588,1.1905406534671785,[26.01039218902588 1.1905406534671785],1.0,False,True,17.962837809084693,21,17.709159380834848,7.2940000000000005,in_progress,0.0
0,30.0,6.328181025045571,0.7149972956849917,10.9495088690701,25.387019634246826,1.1,[25.387019634246826 1.1],1.0,False,True,18.46763792601682,22,17.709159380834848,7.365,in_progress,0.0
0,31.0,6.412496449097434,0.7530759140795056,15.693933224562983,21.932960987091064,1.1,[21.932960987091064 1.1],1.0,False,True,18.974252654338777,22,17.709159380834848,7.424,in_progress,0.0
0,32.0,6.482023547663192,0.7925262412573648,19.926366080413548,19.042020320892334,1.1,[19.042020320892334 1.1],0.5,False,True,19.393409255854642,23,17.709159380834848,7.495,in_progress,0.0
0,33.0,6.552898536076081,0.8440611976391666,25.25005661790007,17.912391901016235,1.1,[17.912391901016235 1.1],0.5,False,True,19.95413061533731,24,17.709159380834848,7.559,in_progress,0.0
0,34.0,6.6136425997048045,0.8983703592558384,30.375304758179407,16.38121247291565,1.1,[16.38121247291565 1.1],0.5,False,True,20.505223834940153,24,17.709159380834848,7.631,in_progress,0.0
0,35.0,6.669457614914535,0.9565762679084294,35.20825281075413,12.160013437271118,1.1,[12.160013437271118 1.1],0.5,False,True,20.940431374682564,25,17.709159380834848,7.691,in_progress,0.0
0,36.0,6.722677303418809,1.0219855988945301,40.164150825670895,9.126765131950378,1.1,[9.126765131950378 1.1],0.5,False,True,21.479370232751666,25,17.709159380834848,7.76,in_progress,0.0
0,37.0,6.769806622866506,1.0848521333195718,44.04143438585057,8.501817226409912,1.1,[8.501817226409912 1.1],0.1,False,True,21.89978990439308,26,17.709159380834848,7.824,in_progress,0.0
0,38.0,6.813296461038353,1.1506683790520604,47.79465029549607,9.462832689285278,1.2614172875881196,[9.462832689285278 1.2614172875881196],0.1,False,True,22.475817846265425,27,17.709159380834848,7.891,in_progress,0.0
0,39.0,6.853919870412976,1.2249606929208212,52.07424513407864,8.760049402713776,1.3686712920665742,[8.760049402713776 1.3686712920665742],0.1,False,True,23.21009942622238,27,17.709159380834848,7.963,in_progress,0.0
0,40.0,6.89213677625785,1.3048226602684312,56.18246802982816,8.285340070724487,1.3055301666259767,[8.285340070724487 1.3055301666259767],0.1,False,True,23.897175544269516,28,17.709159380834848,8.026,in_progress,0.0
0,41.0,6.92419412119478,1.3870379951608116,60.318578758388796,8.914691090583801,1.1847791016101838,[8.914691090583801 1.1847791016101838],0.1,False,True,24.390925770359402,29,17.709159380834848,8.095,in_progress,0.0
0,42.0,6.951897572899738,1.4705125970225703,64.04669087089508,11.10688304901123,1.1,[11.10688304901123 1.1],0.1,False,True,25.062176041600686,30,17.709159380834848,8.161,in_progress,0.0
0,43.0,6.96996487333778,1.5544512613431147,68.54239964727698,13.352739572525024,1.1,[13.352739572525024 1.1],0.1,False,True,25.73133766362995,30,17.709159380834848,8.226,in_progress,0.0
0,44.0,6.9787755148341715,1.6355270883864088,73.26562128970505,13.984162330627441,1.1,[13.984162330627441 1.1],0.1,False,False,26.524991638332402,31,17.709159380834848,8.295,in_progress,0.0
0,45.0,6.980716167362469,1.7202335752085667,78.16125288089721,15.197304010391235,1.1,[15.197304010391235 1.1],0.1,False,False,27.33661447621789,32,17.709159380834848,8.36,in_progress,0.0
0,46.0,6.976702903925571,1.8043965992482178,82.79498810412115,17.618833780288696,1.1,[17.618833780288696 1.1],0.1,False,False,27.811150482774405,33,17.709159380834848,8.424,in_progress,0.0
0,47.0,6.966933070211895,1.8850737769745782,87.1202144660226,20.23430585861206,1.1,[20.23430585861206 1.1],0.1,False,False,28.422108698909764,34,17.709159380834848,8.491,in_progress,0.0
0,48.0,6.951523707926556,1.9545911551063981,91.31982385956721,21.703901767730713,1.1,[21.703901767730713 1.1],0.1,False,False,29.018449127764995,34,17.709159380834848,8.561,in_progress,0.0
0,49.0,6.929310746970331,2.032971352336708,95.77520504511176,22.20771074295044,1.1,[22.20771074295044 1.1],0.1,False,False,29.477740539056814,35,17.709159380834848,8.626,in_progress,0.0
0,50.0,6.901261506438848,2.111803322472773,100.12129552427605,22.687228202819824,1.1,[22.687228202819824 1.1],0.1,False,False,30.19177552624261,36,17.709159380834848,8.695,in_progress,0.0
0,51.0,6.865463288960669,2.1832095794142217,105.08912334702508,24.48845100402832,1.1,[24.48845100402832 1.1],0.1,False,False,30.88647564992674,36,17.709159380834848,8.769,in_progress,0.0
0,52.0,6.819690788600177,2.256600246966872,110.52959254816342,25.855828285217285,1.3473902940750122,[25.855828285217285 1.3473902940750122],0.1,False,False,31.561236215922793,37,17.709159380834848,8.827,in_progress,0.0
0,53.0,6.771653779192618,2.3139960833668987,116.11899159753942,28.346835136413574,2.0953786924481395,[28.346835136413574 2.0953786924481395],0.1,False,True,31.98230506378191,38,17.709159380834848,8.896,in_progress,0.0
0,54.0,6.701337808622143,2.3749587876954865,124.10870440511415,24.528666973114014,2.5274968639016153,[24.528666973114014 2.5274968639016153],0.1,False,True,32.68658037662968,39,17.709159380834848,8.962,in_progress,0.0
0,55.0,6.606920862210346,2.4344926806351026,133.9400160656017,15.415330410003662,1.6873174369335175,[15.415330410003662 1.6873174369335175],0.1,False,True,33.52514776244005,40,17.709159380834848,9.025,in_progress,0.0
0,56.0,6.507506089596381,2.4787638054415453,143.8929072803069,18.355040073394775,2.3592783216387034,[18.355040073394775 2.3592783216387034],0.1,False,True,34.34958017185622,41,17.709159380834848,9.09,in_progress,0.0
0,57.0,6.394197295261606,2.5184869474028733,152.92812227309577,21.61714267730713,3.331871658563614,[21.61714267730713 3.331871658563614],0.1,False,True,35.232951087714554,42,17.709159380834848,9.162,in_progress,0.0
0,58.0,6.2748833217180175,2.5465580863777513,161.0365992163808,6.1315364465117455,3.3673311293125154,[6.1315364465117455 3.3673311293125154],0.1,False,True,36.09515150268393,43,17.709159380834848,9.229,in_progress,0.0
0,59.0,6.131481342011835,2.564694633192281,169.5587582065586,-18.0,3.69627400636673,[-18.0 3.69627400636673],0.1,False,True,36.96518966126223,44,17.709159380834848,9.296,in_progress,0.0
0,60.0,5.994094922865262,2.5796676487920602,175.85277548543647,-18.0,3.7,[-18.0 3.7],0.1,False,True,37.77603615265088,45,17.709159380834848,9.356,in_progress,0.0
0,61.0,5.8389950067053755,2.6110005523186226,177.32259496475467,-18.0,3.7,[-18.0 3.7],0.5,False,True,38.65075398878879,46,17.709159380834848,9.424,in_progress,0.0
0,62.0,5.6679687298335235,2.6577158590820384,172.72803034980603,-18.0,3.7,[-18.0 3.7],0.5,False,True,39.61362772211665,47,17.709159380834848,9.493,in_progress,0.0
0,63.0,5.493198861844555,2.7200895880473053,164.65294981825147,-6.027281284332275,3.7,[-6.027281284332275 3.7],1.0,False,True,40.59651191717849,48,17.709159380834848,9.56,in_progress,0.0
0,64.0,5.304253224868266,2.8001038037348325,157.37807953010255,-2.3921120166778564,3.7,[-2.3921120166778564 3.7],1.0,False,True,41.65870658102779,49,17.709159380834848,9.63,in_progress,0.0
0,65.0,5.120632470428979,2.893408624978447,150.33344937021747,23.378392696380615,3.7,[23.378392696380615 3.7],0.5,False,True,42.703131577247404,50,17.709159380834848,9.69,in_progress,0.0
0,66.0,4.9320286954378005,2.9907625745490884,145.15733406994585,12.470990180969238,3.7,[12.470990180969238 3.7],0.1,False,True,43.91690298994066,52,17.709159380834848,9.763,in_progress,0.0
0,67.0,4.739900840285754,3.080972139586293,144.43272804030997,8.996453404426575,3.7,[8.996453404426575 3.7],0.1,False,True,45.44643374100244,54,17.709159380834848,9.825,in_progress,0.0
0,68.0,4.535469577155122,3.1841893857410994,145.0616934212751,-8.536757469177246,3.7,[-8.536757469177246 3.7],0.1,False,True,47.177699020827674,56,17.709159380834848,9.895,in_progress,0.0
0,69.0,4.319921219946834,3.302637303407143,146.32376204940843,-18.0,3.1390495121479036,[-18.0 3.1390495121479036],0.5,False,True,48.64700207190237,57,17.709159380834848,9.96,in_progress,0.0
0,70.0,4.122669553460488,3.427801989040063,146.70107324343917,-18.0,3.523988217115402,[-18.0 3.523988217115402],1.0,False,True,49.90599496603922,59,17.709159380834848,10.026,in_progress,0.0
0,71.0,3.9577417816275955,3.546284266102752,144.93545980023922,-18.0,3.0062981843948364,[-18.0 3.0062981843948364],1.0,False,True,51.01027761115865,60,17.709159380834848,10.095,in_progress,0.0
0,72.0,3.7697321484990223,3.697520775502824,141.89143923158707,-18.0,2.6154305189847946,[-18.0 2.6154305189847946],1.0,False,True,52.34290999919291,62,17.709159380834848,10.162,in_progress,0.0
0,73.0,3.598915881586773,3.8442720545719435,140.10828871119068,-18.0,2.041352462768555,[-18.0 2.041352462768555],0.5,False,True,53.59504588121244,63,17.709159380834848,10.226,in_progress,0.0
0,74.0,3.462955407584423,3.9734006467188148,137.8756947125812,-8.78431749343872,1.3545143604278564,[-8.78431749343872 1.3545143604278564],0.5,False,True,54.643362328515686,64,17.709159380834848,10.297,in_progress,0.0
0,75.0,3.3370166821729965,4.110243250328495,134.44606025779237,22.967199325561523,1.1,[22.967199325561523 1.1],0.5,False,True,55.69045202573292,66,17.709159380834848,10.358,in_progress,0.0
0,76.0,3.2251297775896486,4.240300581131115,132.26531417225232,30.0,1.4327159047126772,[30.0 1.4327159047126772],0.5,False,True,56.86425721367707,67,17.709159380834848,10.428,in_progress,0.0
0,77.0,3.124805778432655,4.342853695172238,133.29737494064133,30.0,1.6535089612007141,[30.0 1.6535089612007141],1.0,False,True,57.69293487346899,68,17.709159380834848,10.492,in_progress,0.0
0,78.0,3.0273737167211943,4.434009558775157,135.00989714222106,30.0,1.8335484683513643,[30.0 1.8335484683513643],1.0,False,True,58.45549228677701,69,17.709159380834848,10.562,in_progress,0.0
0,79.0,2.9190334491791496,4.52198899586867,137.89751680911374,30.0,1.1,[30.0 1.1],1.0,False,True,59.15208574572601,70,17.709159380834848,10.629,in_progress,0.0
0,80.0,2.8214486337507148,4.588094697141318,141.29570354353763,30.0,2.4111998307518663,[30.0 2.4111998307518663],0.5,False,True,59.64512414061199,71,17.709159380834848,10.693,in_progress,0.0
0,81.0,2.7200950499538696,4.649722517727783,144.47290170662515,12.454693078994751,2.158742493391037,[12.454693078994751 2.158742493391037],0.5,False,True,60.25633990137551,71,17.709159380834848,10.76,in_progress,0.0
0,82.0,2.6040421842767154,4.705645560708748,148.87812159735344,17.032360553741455,2.607967257499695,[17.032360553741455 2.607967257499695],0.1,False,True,60.900128372190686,72,17.709159380834848,10.825,in_progress,0.0
0,83.0,2.4842418753832933,4.7530643030300785,153.18864903432677,21.451892852783203,2.478795886412263,[21.451892852783203 2.478795886412263],0.1,False,True,61.57714624803864,73,17.709159380834848,10.894,in_progress,0.0
0,84.0,2.3404429091865753,4.796051613705705,158.53287901773504,22.055691719055176,2.1825951755046846,[22.055691719055176 2.1825951755046846],0.1,False,True,62.32417599118186,74,17.709159380834848,10.965,in_progress,0.0
0,85.0,2.1875720056814396,4.830294946490302,163.16278702165806,20.798405170440674,1.9615166604518892,[20.798405170440674 1.9615166604518892],0.1,False,False,63.186086526567074,75,17.709159380834848,11.028,in_progress,0.0
0,86.0,2.0485081454278458,4.8491859916129,167.73965700813716,21.063838005065918,1.8156548112630846,[21.063838005065918 1.8156548112630846],0.1,False,False,63.98037678853428,76,17.709159380834848,11.091,in_progress,0.0
0,87.0,1.9151418441253785,4.85661282601791,172.10508856774544,22.92899179458618,1.7368173003196716,[22.92899179458618 1.7368173003196716],0.1,False,False,64.73159111959716,76,17.709159380834848,11.158,in_progress,0.0
0,88.0,1.7729973739712195,4.853759065817938,176.59263928250522,24.55321168899536,1.7538349777460098,[24.55321168899536 1.7538349777460098],0.1,False,False,65.52264414599871,77,17.709159380834848,11.225,in_progress,0.0
0,89.0,1.6547804114425824,4.8431774270925345,-179.75589756371357,25.208717823028564,1.8224381715059281,[25.208717823028564 1.8224381715059281],0.1,False,False,66.17446188991826,78,17.709159380834848,11.295,in_progress,0.0
0,90.0,1.526929760877701,4.8211910656089945,-175.42637139502563,24.83340883255005,1.9321694433689118,[24.83340883255005 1.9321694433689118],0.1,False,False,66.90090379680944,79,17.709159380834848,11.359,in_progress,0.0
0,91.0,1.3944023377908141,4.782053349531875,-169.6221717779829,29.09754753112793,1.9791168779134751,[29.09754753112793 1.9791168779134751],0.1,False,False,67.6047942388419,80,17.709159380834848,11.426,in_progress,0.0
0,92.0,1.2861823702606185,4.736095142459934,-164.14148734341194,30.0,1.9289322316646578,[30.0 1.9289322316646578],0.1,False,False,67.90637316909694,80,17.709159380834848,11.495,in_progress,0.0
0,93.0,1.1725699880381961,4.673070562906091,-158.0611767386934,30.0,1.7574140191078187,[30.0 1.7574140191078187],0.1,False,True,68.61633580390962,81,17.709159380834848,11.557,in_progress,0.0
0,94.0,1.059075915192009,4.597762555349771,-152.39910353407316,30.0,1.6206732451915742,[30.0 1.6206732451915742],0.1,False,True,69.03129500586168,81,17.709159380834848,11.627,in_progress,0.0
0,95.0,0.9611251610902934,4.522539163050298,-147.9635189253452,30.0,1.6240624070167544,[30.0 1.6240624070167544],0.1,False,True,69.49297753721815,82,17.709159380834848,11.697,in_progress,0.0
0,96.0,0.8616122490805154,4.432954684863006,-143.27129284503707,30.0,1.6927576541900637,[30.0 1.6927576541900637],0.1,False,True,70.2481538111058,83,17.709159380834848,11.76,in_progress,0.0
0,97.0,0.7804007456972432,4.347666824677177,-139.16827715506753,29.249613761901855,1.7551307767629625,[29.249613761901855 1.7551307767629625],0.1,False,True,70.72675453328368,83,17.709159380834848,11.829,in_progress,0.0
0,98.0,0.7119731166630527,4.25954591181344,-134.49255473686983,27.431639671325684,1.8660953164100649,[27.431639671325684 1.8660953164100649],0.1,False,True,71.18285635020163,84,17.709159380834848,11.896,in_progress,0.0
0,99.0,0.6458960081019565,4.15092370361274,-128.48724839651274,30.0,2.251770361512899,[30.0 2.251770361512899],0.1,False,True,71.88846354529169,85,17.709159380834848,11.963000000000001,in_progress,0.0
0,100.0,0.5905498717368762,4.029137782070549,-121.74242678991618,30.0,2.506392902135849,[30.0 2.506392902135849],0.1,False,True,72.42785472789421,85,17.709159380834848,12.027,in_progress,0.0
0,101.0,0.5509479442204741,3.9053646147250913,-115.15905305106801,30.0,2.6274853706359864,[30.0 2.6274853706359864],0.1,False,True,72.94322515975625,86,17.709159380834848,12.092,in_progress,0.0
0,102.0,0.5238753401109507,3.7688865472011055,-107.92420274792143,30.0,2.6743270173668865,[30.0 2.6743270173668865],0.1,False,True,73.72877973285986,87,17.709159380834848,12.163,in_progress,0.0
0,103.0,0.5098744592208764,3.608873690667071,-100.14279545098277,30.0,2.481299775093794,[30.0 2.481299775093794],0.1,False,True,74.45069897543142,88,17.709159380834848,12.226,in_progress,0.0
0,104.0,0.511732703881801,3.462946611374913,-93.05734616942263,30.0,2.3758032508194447,[30.0 2.3758032508194447],0.1,False,True,75.1659335147476,89,17.709159380834848,12.295,in_progress,0.0
0,105.0,0.5298759960402443,3.2945301476664106,-85.06144721568887,23.894248008728027,2.166235838830471,[23.894248008728027 2.166235838830471],0.1,False,True,76.01686423053789,90,17.709159380834848,12.358,in_progress,0.0
0,106.0,0.5651418274026312,3.1286654290692546,-76.8914475089791,22.66185235977173,2.265554517507553,[22.66185235977173 2.265554517507553],0.1,False,True,76.86900358196469,91,17.709159380834848,12.428,in_progress,0.0
0,107.0,0.6082709304995908,2.988766939404241,-69.78972539841553,4.354264855384827,3.4633572518825533,[4.354264855384827 3.4633572518825533],0.1,False,True,77.65527067751607,92,17.709159380834848,12.499,in_progress,0.0
0,108.0,0.6741793897153457,2.8306142238693113,-62.093263476752384,-18.0,3.267766916751862,[-18.0 3.267766916751862],0.5,False,True,78.64385111664133,93,17.709159380834848,12.556000000000001,in_progress,0.0
0,109.0,0.7424780037654473,2.6743275619210296,-57.37727052357552,-18.0,3.3658620715141296,[-18.0 3.3658620715141296],0.5,False,True,79.61677162505828,94,17.709159380834848,12.633,in_progress,0.0
0,110.0,0.8079628736724187,2.4921204263703545,-58.97102478764279,-18.0,3.5041564404964447,[-18.0 3.5041564404964447],0.5,False,True,80.70875658885278,95,17.709159380834848,12.695,in_progress,0.0
0,111.0,0.8629393353231329,2.3118985985365472,-65.666926046702,-18.0,2.5254711076617244,[-18.0 2.5254711076617244],0.5,False,True,81.76828531957315,96,17.709159380834848,12.763,in_progress,0.0
0,112.0,0.9116192221444078,2.1118059222862806,-74.35016484798145,-7.457422256469727,2.2085654154419903,[-7.457422256469727 2.2085654154419903],0.5,False,True,82.93042423290406,98,17.709159380834848,12.827,in_progress,0.0
0,113.0,0.9433700366106456,1.9348406095317081,-81.73115823004687,15.642100095748901,2.1310322269797326,[15.642100095748901 2.1310322269797326],0.5,False,True,83.94544393221497,99,17.709159380834848,12.899000000000001,in_progress,0.0
0,114.0,0.9791604446673569,1.7510874643852126,-85.79843261976838,16.3857421875,1.1,[16.3857421875 1.1],0.5,False,True,85.00220109985045,100,17.709159380834848,12.962,in_progress,0.0
0,115.0,1.023271946232021,1.6051975045233924,-84.23028483627668,19.585923671722412,1.1511269927024843,[19.585923671722412 1.1511269927024843],0.5,False,True,85.85830735481046,101,17.709159380834848,13.028,in_progress,0.0
0,116.0,1.0750539797630372,1.4733937442694431,-78.45640879793795,22.62592077255249,1.4584534347057343,[22.62592077255249 1.4584534347057343],1.0,False,True,86.64464640994872,102,17.709159380834848,13.096,in_progress,0.0
0,117.0,1.1310917273216978,1.3593637263742822,-71.22187824601136,26.828792095184326,1.1634386718273164,[26.828792095184326 1.1634386718273164],1.0,False,True,87.33000994517488,103,17.709159380834848,13.16,in_progress,0.0
0,118.0,1.191349792371541,1.25583008764881,-65.31345702078062,30.0,1.3851206481456757,[30.0 1.3851206481456757],1.0,False,True,87.98632983157148,104,17.709159380834848,13.226,in_progress,0.0
0,119.0,1.2511521779309982,1.167697040560963,-61.46816577318639,30.0,1.6479849040508272,[30.0 1.6479849040508272],1.0,False,True,88.57368012398338,105,17.709159380834848,13.292,in_progress,0.0
0,120.0,1.319349453593585,1.0850280784242836,-57.08666367141262,30.0,1.7968637496232986,[30.0 1.7968637496232986],1.0,False,True,89.22733479546025,105,17.709159380834848,13.363,in_progress,0.0
0,121.0,1.404267825807528,1.0068229425997168,-51.01449220786829,30.0,1.850008711218834,[30.0 1.850008711218834],1.0,False,True,89.91455292772602,106,17.709159380834848,13.428,in_progress,0.0
0,122.0,1.4888209043253473,0.9463800652005967,-44.979882394372645,30.0,2.051122483611107,[30.0 2.051122483611107],0.5,False,True,90.48795341697613,107,17.709159380834848,13.495,in_progress,0.0
0,123.0,1.5981411361595068,0.8852148273403437,-37.89197277659176,30.0,3.0635466516017917,[30.0 3.0635466516017917],0.5,False,True,91.39375461982485,108,17.709159380834848,13.561,in_progress,0.0
0,124.0,1.719328602315157,0.8370171844029785,-29.71892500405804,30.0,3.336836963891983,[30.0 3.336836963891983],0.5,False,True,92.22142824208422,109,17.709159380834848,13.628,in_progress,0.0
0,125.0,1.8721279732786136,0.7992565053907524,-19.56835455874001,20.909534454345703,3.0824570417404176,[20.909534454345703 3.0824570417404176],0.5,False,True,93.17304404907368,110,17.709159380834848,13.692,in_progress,0.0
0,126.0,2.0001433848126937,0.7857929874659548,-10.350467974905689,10.073075652122498,3.539046156406403,[10.073075652122498 3.539046156406403],0.5,False,True,93.93304027303412,111,17.709159380834848,13.759,in_progress,0.0
0,127.0,2.16711781691726,0.7839574239075604,0.9739877497075305,-18.0,3.7,[-18.0 3.7],0.5,False,True,94.94637375318425,112,17.709159380834848,13.828,in_progress,0.0
0,128.0,2.3306704538420373,0.7826743639093611,8.220721421255027,-18.0,3.7,[-18.0 3.7],0.5,False,True,95.90418171341906,113,17.709159380834848,13.895,in_progress,0.0
0,129.0,2.5072362639868557,0.7693453709299021,9.623499223571956,-18.0,3.7,[-18.0 3.7],0.5,False,True,96.89608760759889,114,17.709159380834848,13.959,in_progress,0.0
0,130.0,2.7127591629049808,0.745405658046082,5.293749063608006,-18.0,3.7,[-18.0 3.7],1.0,False,True,98.04624110642216,116,17.709159380834848,14.025,in_progress,0.0
0,131.0,2.905711584095638,0.7098500988698738,-3.3326296232820645,-15.410435199737549,3.7,[-15.410435199737549 3.7],1.0,False,True,99.13023636582928,117,17.709159380834848,14.097,in_progress,0.0
0,132.0,3.1164831654292104,0.6555378394494623,-14.016930410640311,16.736625909805298,3.7,[16.736625909805298 3.7],1.0,True,True,100,0,17.709159380834848,14.162,lap_complete,0.0
1,1.0,3.1998826368098765,0.6832004297974724,0.22900733465766152,30.0,3.038591304421425,[30.0 3.038591304421425],0.0,False,True,0.7913992422985181,1,17.709159380834848,14.289,prepare,0.0
1,2.0,3.1997327938476117,0.6831032114197831,0.18326595495146542,-6.7810163497924805,3.7,[-6.7810163497924805 3.7],1.0,False,True,0.7905513581379272,1,17.709159380834848,14.361,in_progress,0.0
1,3.0,3.209306577193889,0.6839512221617113,0.1706967189953196,-10.965963363647461,2.889689174294472,[-10.965963363647461 2.889689174294472],1.0,False,True,0.844627594075388,1,17.709159380834848,14.425,in_progress,0.0
1,4.0,3.2313665819840742,0.6848059997169887,0.33153112370754984,-10.308242797851562,3.7,[-10.308242797851562 3.7],1.0,False,True,0.9691954795246727,1,17.709159380834848,14.494,in_progress,0.0
1,5.0,3.2714401448895725,0.6856548294087345,0.46835488382889734,-11.128495216369629,3.7,[-11.128495216369629 3.7],1.0,False,True,1.1954897654593206,1,17.709159380834848,14.56,in_progress,0.0
1,6.0,3.324215943220795,0.6837018120000181,-0.10186040554366756,-7.53530216217041,3.7,[-7.53530216217041 3.7],1.0,False,True,1.4934866640321187,2,17.709159380834848,14.623,in_progress,0.0
1,7.0,3.3937311005647466,0.6803357688914627,-0.9303551631412826,2.0923025608062744,3.7,[2.0923025608062744 3.7],1.0,False,True,1.8860170397890093,2,17.709159380834848,14.691,in_progress,0.0
1,8.0,3.4734424462173763,0.6844849294052255,0.3048894857786862,-9.032289505004883,3.7,[-9.032289505004883 3.7],1.0,False,True,2.336136626511809,3,17.709159380834848,14.757,in_progress,0.0
1,9.0,3.570000184803124,0.6862282994798,0.47549663934072384,-16.19992733001709,3.7,[-16.19992733001709 3.7],1.0,False,True,2.881383152292636,3,17.709159380834848,14.827,in_progress,0.0
1,10.0,3.678870783751858,0.6768171160905274,-1.766982776032943,-5.664910554885864,3.7,[-5.664910554885864 3.7],1.0,False,True,3.496132901311889,4,17.709159380834848,14.892,in_progress,0.0
1,11.0,3.803258342342345,0.661377244428621,-4.159682698702737,17.141783952713013,3.7,[17.141783952713013 3.7],1.0,False,True,4.198491364489971,5,17.709159380834848,14.962,in_progress,0.0
1,12.0,3.943306580060011,0.6530517479156251,-3.6697516861264647,17.187475204467773,3.7,[17.187475204467773 3.7],1.0,False,True,4.989301943876442,6,17.709159380834848,15.027,in_progress,0.0
1,13.0,4.094493447152617,0.6646914094617172,0.7952369842957158,-9.441216945648193,3.039617258310318,[-9.441216945648193 3.039617258310318],1.0,False,True,5.8430461061088685,7,17.709159380834848,15.088,in_progress,0.0
1,14.0,4.258708410340432,0.6827266525820409,4.256197593235166,-18.0,3.1214421272277835,[-18.0 3.1214421272277835],1.0,False,True,6.770369671556498,8,17.709159380834848,15.158,in_progress,0.0
1,15.0,4.440339151010834,0.6869639296056566,2.4220246922309996,-18.0,2.432569178566337,[-18.0 2.432569178566337],1.0,False,True,7.79600977049,9,17.709159380834848,15.229,in_progress,0.0
1,16.0,4.615822769927002,0.6744845549482797,-1.5643265611138497,-18.0,1.8599550127983093,[-18.0 1.8599550127983093],1.0,False,True,8.78690411471681,10,17.709159380834848,15.293,in_progress,0.0
1,17.0,4.78185789080529,0.6479259745871895,-6.282152800982573,15.592306137084961,2.7160021662712097,[15.592306137084961 2.7160021662712097],1.0,False,True,9.724411815090416,11,17.709159380834848,15.359,in_progress,0.0
1,18.0,4.930404746125061,0.6231491500002437,-8.016709449889765,20.066280841827393,2.800764724612236,[20.066280841827393 2.800764724612236],1.0,False,True,10.563170201105311,12,17.709159380834848,15.423,in_progress,0.0
1,19.0,5.1124967480449115,0.6072145705569498,-6.080108747434189,15.855208396911621,2.7561496198177338,[15.855208396911621 2.7561496198177338],0.5,False,True,11.591387249619178,14,17.709159380834848,15.494,in_progress,0.0
1,20.0,5.28813499259617,0.608669783363271,-2.199969404824328,19.938823699951172,2.658928430080414,[19.938823699951172 2.658928430080414],1.0,False,True,12.583204747686002,15,17.709159380834848,15.561,in_progress,0.0
1,21.0,5.4617360132731285,0.6246208822275474,2.383334272269584,6.695574760437012,2.4624310918152332,[6.695574760437012 2.4624310918152332],1.0,False,True,13.563130626853317,16,17.709159380834848,15.629,in_progress,0.0
1,22.0,5.655040575883446,0.6562005972927851,6.82151613252875,-15.14609956741333,1.5424302458763124,[-15.14609956741333 1.5424302458763124],1.0,False,True,14.655226525304291,17,17.709159380834848,15.692,in_progress,0.0
1,23.0,5.820951859643813,0.6851099589579532,8.81554057403713,-15.116154670715332,1.2709755778312684,[-15.116154670715332 1.2709755778312684],1.0,False,True,15.592016766609373,18,17.709159380834848,15.76,in_progress,0.0
1,24.0,5.9661185131900725,0.6969411868130613,6.675734659914583,-10.38867473602295,1.1,[-10.38867473602295 1.1],1.0,False,True,16.411135082255036,19,17.709159380834848,15.83,in_progress,0.0
1,25.0,6.106199339663785,0.6965645147480725,3.156645162134396,13.231076002120972,1.1,[13.231076002120972 1.1],1.0,False,True,17.204774822940532,20,17.709159380834848,15.893,in_progress,0.0
1,26.0,6.231828505580094,0.6914652883787611,0.5491474318350309,27.696115493774414,1.1,[27.696115493774414 1.1],1.0,False,True,17.914444211917974,21,17.709159380834848,15.956,in_progress,0.0
1,27.0,6.340375845666534,0.6975053904617781,1.5705893280172882,30.0,1.2556698381900788,[30.0 1.2556698381900788],1.0,False,True,18.52811264992942,22,17.709159380834848,16.026,in_progress,0.0
1,28.0,6.436092672841789,0.7127705079894097,4.310444000018484,30.0,1.4676389396190643,[30.0 1.4676389396190643],1.0,False,True,19.07544627865988,23,17.709159380834848,16.092,in_progress,0.0
1,29.0,6.534153558849331,0.7382431634564315,8.14322165771356,30.0,1.522236067056656,[30.0 1.522236067056656],1.0,False,True,19.65658265745072,23,17.709159380834848,16.16,in_progress,0.0
1,30.0,6.632859612784423,0.7784233201880468,13.671502561746259,30.0,1.5239308416843416,[30.0 1.5239308416843416],1.0,False,True,20.25763054970898,24,17.709159380834848,16.225,in_progress,0.0
1,31.0,6.719750443311778,0.8261050354101951,19.243816071700135,30.0,1.5643298149108888,[30.0 1.5643298149108888],1.0,False,True,20.83045675451437,25,17.709159380834848,16.293,in_progress,0.0
1,32.0,6.8046112741056985,0.8866333079608065,25.52471126077833,30.0,1.5905118823051454,[30.0 1.5905118823051454],1.0,False,True,21.42760372472132,25,17.709159380834848,16.359,in_progress,0.0
1,33.0,6.887297120523459,0.9598858457339103,31.951407968578525,30.0,1.5037076830863954,[30.0 1.5037076830863954],1.0,False,True,22.070453136965405,26,17.709159380834848,16.43,in_progress,0.0
1,34.0,6.965888453270216,1.045797912281488,38.63613767313921,30.0,1.493965208530426,[30.0 1.493965208530426],1.0,False,True,22.72456809447402,27,17.709159380834848,16.493,in_progress,0.0
1,35.0,7.029141675176881,1.1286776012710265,44.05382595815934,30.0,1.5963183760643007,[30.0 1.5963183760643007],1.0,False,True,23.365655522114253,28,17.709159380834848,16.558,in_progress,0.0
1,36.0,7.084190976845421,1.2196579326940789,49.91929905585655,30.0,1.9009937882423402,[30.0 1.9009937882423402],1.0,False,True,24.00331696506653,28,17.709159380834848,16.631,in_progress,0.0
1,37.0,7.133693975980895,1.333786262346743,57.34249770702801,30.0,1.9416467994451523,[30.0 1.9416467994451523],1.0,False,True,24.741053013487637,29,17.709159380834848,16.696,in_progress,0.0
1,38.0,7.165551472442474,1.4492063273409719,65.05435415116341,30.0,1.9949215888977052,[30.0 1.9949215888977052],1.0,False,True,25.459483194080047,30,17.709159380834848,16.758,in_progress,0.0
1,39.0,7.184130468814029,1.5773382882976212,73.50168697672352,30.0,1.682463711500168,[30.0 1.682463711500168],0.5,False,True,26.184303959503435,31,17.709159380834848,16.825,in_progress,0.0
1,40.0,7.189933173118968,1.7010126144739561,80.8581045163949,29.5901141166687,1.2810328781604767,[29.5901141166687 1.2810328781604767],0.5,False,True,26.98338016750133,32,17.709159380834848,16.894,in_progress,0.0
1,41.0,7.189701871683974,1.8195374253612473,86.20775236583677,30.0,1.6626955509185792,[30.0 1.6626955509185792],0.5,False,True,27.751677396257655,33,17.709159380834848,16.958,in_progress,0.0
1,42.0,7.177420219752327,1.9336509701119113,90.59502227498925,30.0,1.878123861551285,[30.0 1.878123861551285],1.0,False,True,28.439152892593857,34,17.709159380834848,17.026,in_progress,0.0
1,43.0,7.143910384615819,2.0599901509648197,97.16614445565784,30.0,1.633925759792328,[30.0 1.633925759792328],1.0,False,True,29.226133325321012,34,17.709159380834848,17.094,in_progress,0.0
1,44.0,7.10408904632234,2.159245206957218,103.16709539608694,29.872371196746826,1.5664799749851228,[29.872371196746826 1.5664799749851228],1.0,False,True,29.89190140522472,35,17.709159380834848,17.167,in_progress,0.0
1,45.0,7.0502013657708344,2.273711477257614,108.49417040211337,30.0,2.340209385380149,[30.0 2.340209385380149],1.0,False,True,30.66150864271402,36,17.709159380834848,17.225,in_progress,0.0
1,46.0,6.992155654542572,2.373815388288016,113.43506036694677,30.0,2.8424932420253755,[30.0 2.8424932420253755],1.0,False,True,31.309836709245626,37,17.709159380834848,17.295,in_progress,0.0
1,47.0,6.918697457214487,2.469616575628422,119.71612082152996,30.0,3.5614316403865818,[30.0 3.5614316403865818],1.0,False,True,32.019415110546724,38,17.709159380834848,17.364,in_progress,0.0
1,48.0,6.807551996783943,2.5794154361858217,128.8342597636849,30.0,3.7,[30.0 3.7],1.0,False,True,32.918170330755004,39,17.709159380834848,17.429,in_progress,0.0
1,49.0,6.677674644527361,2.6757801368928655,139.4250195083305,30.0,2.491261641681194,[30.0 2.491261641681194],1.0,False,True,33.83723126724055,40,17.709159380834848,17.494,in_progress,0.0
1,50.0,6.55431844289594,2.7434393406641564,150.14932208002847,23.706297397613525,3.5277737975120544,[23.706297397613525 3.5277737975120544],1.0,False,True,34.62078887830729,41,17.709159380834848,17.564,in_progress,0.0
1,51.0,6.399793146971535,2.8105586095463457,162.07619844996444,15.317215204238892,3.7,[15.317215204238892 3.7],1.0,False,True,35.5338693078664,42,17.709159380834848,17.629,in_progress,0.0
1,52.0,6.2490091211463845,2.8549507794982882,173.7571782749147,3.9617464542388916,3.7,[3.9617464542388916 3.7],0.5,False,True,36.36044264790792,43,17.709159380834848,17.7,in_progress,0.0
1,53.0,6.074158706133506,2.881839205020956,-172.11310974647031,-15.524850368499756,3.7,[-15.524850368499756 3.7],0.5,False,True,37.30971823020091,44,17.709159380834848,17.757,in_progress,0.0
1,54.0,5.920320086047273,2.887891484225677,-158.9252070637984,-18.0,3.7,[-18.0 3.7],0.5,False,True,38.17780462302592,45,17.709159380834848,17.827,in_progress,0.0
1,55.0,5.742498383290536,2.8799998701476603,-143.66070289452873,-18.0,3.7,[-18.0 3.7],0.5,False,True,39.18278909481469,46,17.709159380834848,17.893,in_progress,0.0
1,56.0,5.57413089629631,2.85647912093486,-129.27611087502714,-12.535842418670654,3.7,[-12.535842418670654 3.7],0.5,False,True,40.1366454617575,47,17.709159380834848,17.96,in_progress,0.0
1,57.0,5.408724962485958,2.816922090004017,-114.7730636440827,-16.98283052444458,3.21487649679184,[-16.98283052444458 3.21487649679184],1.0,False,True,41.07142050175236,48,17.709159380834848,18.025,in_progress,0.0
1,58.0,5.258576466552687,2.7660132938138586,-99.95435733118809,-4.1974217891693115,2.9208521991968155,[-4.1974217891693115 2.9208521991968155],1.0,False,True,41.92055326236607,49,17.709159380834848,18.094,in_progress,0.0
1,59.0,5.117460002664221,2.7052418707054136,-84.34165771136881,-3.7909891605377197,2.6743922218680383,[-3.7909891605377197 2.6743922218680383],1.0,False,True,42.71566849462437,50,17.709159380834848,18.172,in_progress,0.0
1,60.0,4.9706035295117355,2.6280244961029724,-65.13075029162763,3.572565972805023,3.5757516026496887,[3.572565972805023 3.5757516026496887],0.5,False,True,43.44773055608865,51,17.709159380834848,18.23,in_progress,0.0
1,61.0,4.888210900233638,2.5788390155490886,-51.670256294941346,-3.150891065597534,3.5039487779140472,[-3.150891065597534 3.5039487779140472],0.1,False,True,43.875113958423036,52,17.709159380834848,18.291,in_progress,0.0
1,62.0,4.801724674724489,2.526514254534856,-34.20710198338822,-5.7804787158966064,3.4140109658241276,[-5.7804787158966064 3.4140109658241276],0.1,False,True,44.14130171489798,52,17.709159380834848,18.36,in_progress,0.0
1,63.0,4.719222716944249,2.48334331173534,-14.85293280264382,13.871124029159546,2.9467293202877043,[13.871124029159546 2.9467293202877043],0.1,False,False,44.53451162628373,53,17.709159380834848,18.423000000000002,in_progress,0.0
1,64.0,4.647967399030919,2.463540217155141,4.924856439692667,19.458970069885254,2.2743488535284997,[19.458970069885254 2.2743488535284997],0.1,False,False,44.897960626985956,53,17.709159380834848,18.496,in_progress,0.0
1,65.0,4.57168764757382,2.4557488146165265,25.44768977164744,-13.698100090026855,3.3543746888637545,[-13.698100090026855 3.3543746888637545],0.001,False,False,44.96774108891996,53,17.709159380834848,18.568,off_track,1.9899999999999984
1,66.0,4.534366087397897,2.699389387088701,157.375629444329,-18.0,2.704515074193478,[-18.0 2.704515074193478],0.0,False,False,45.69064021494353,54,17.709159380834848,18.845,pause,1.713000000000001
1,67.0,4.521641768027541,2.7058826826319793,157.0287085014789,-2.5870234966278076,3.7,[-2.5870234966278076 3.7],0.0,False,True,45.75689951541075,54,17.709159380834848,18.907,pause,1.6509999999999998
1,68.0,4.5342115965198335,2.699427272786388,157.3567724221234,-9.77788496017456,3.7,[-9.77788496017456 3.7],0.0,False,True,45.691527860213405,54,17.709159380834848,18.983,pause,1.5749999999999993
1,69.0,4.53421084497214,2.699124818259687,157.44175043030702,-7.911121845245361,3.7,[-7.911121845245361 3.7],0.0,False,True,45.69087593693898,54,17.709159380834848,19.047,pause,1.5109999999999992
1,70.0,4.5345982305073465,2.6994241088369217,157.3141369835313,-10.56225299835205,3.7,[-10.56225299835205 3.7],0.0,False,True,45.68950514354044,54,17.709159380834848,19.108,pause,1.4499999999999993
1,71.0,4.53477201740224,2.69908245968806,157.38723408709123,-10.063688278198242,3.7,[-10.063688278198242 3.7],0.0,False,True,45.687858211507,54,17.709159380834848,19.175,pause,1.3829999999999991
1,72.0,4.534692673369475,2.6990621471708516,157.41489667288826,-7.8738112449646,3.7,[-7.8738112449646 3.7],0.0,False,True,45.68822785466789,54,17.709159380834848,19.246,pause,1.3120000000000012
1,73.0,4.534670749226478,2.6992644030072865,157.33568705128081,-9.134293556213379,3.7,[-9.134293556213379 3.7],0.0,False,True,45.688780735225,54,17.709159380834848,19.311,pause,1.2469999999999999
1,74.0,4.534814521765756,2.6991486979447394,157.3508363584782,-9.68296766281128,3.7,[-9.68296766281128 3.7],0.0,False,True,45.687780230544554,54,17.709159380834848,19.384,pause,1.1739999999999995
1,75.0,4.534940584674701,2.6991046692785012,157.37473480472192,-9.755126953125,3.7,[-9.755126953125 3.7],0.0,False,True,45.68702748436206,54,17.709159380834848,19.444,pause,1.1140000000000008
1,76.0,4.534900245924234,2.699124020812848,157.3759576216048,-10.69925594329834,3.6882268488407135,[-10.69925594329834 3.6882268488407135],0.0,False,True,45.687279766835786,54,17.709159380834848,19.512,pause,1.0459999999999994
1,77.0,4.534965402166372,2.6990979976020837,157.33682447623653,-8.53297233581543,3.7,[-8.53297233581543 3.7],0.0,False,True,45.686883622554845,54,17.709159380834848,19.573,pause,0.9849999999999994
1,78.0,4.5346034003216005,2.699128986717036,157.4065676902695,-9.409380912780762,3.7,[-9.409380912780762 3.7],0.0,False,True,45.68883824668135,54,17.709159380834848,19.645,pause,0.9130000000000003
1,79.0,4.534870968792044,2.6991420709423712,157.35671894832186,-8.905670642852783,3.7,[-8.905670642852783 3.7],0.0,False,True,45.68747155360302,54,17.709159380834848,19.714,pause,0.8440000000000012
1,80.0,4.534889017137651,2.6991377503861567,157.370271768997,-9.858243942260742,3.7,[-9.858243942260742 3.7],0.0,False,True,45.687368083348204,54,17.709159380834848,19.77,pause,0.7880000000000003
1,81.0,4.534591566193737,2.6991658852686773,157.400772623246,-9.855242729187012,3.7,[-9.855242729187012 3.7],0.0,False,True,45.688979958921614,54,17.709159380834848,19.838,pause,0.7199999999999989
1,82.0,4.535143893759765,2.699051280529655,157.3404385653013,-7.912136077880859,3.7,[-7.912136077880859 3.7],0.0,False,True,45.685851690951104,54,17.709159380834848,19.909,pause,0.6490000000000009
1,83.0,4.534961823696571,2.6990499242291537,157.35233316792343,-8.549715042114258,3.7,[-8.549715042114258 3.7],0.0,False,True,45.68679803800231,54,17.709159380834848,19.977,pause,0.5809999999999995
1,84.0,4.534922370866129,2.6991247807540844,157.33666000292035,-8.838927268981934,3.7,[-8.838927268981934 3.7],0.0,False,True,45.68716605831314,54,17.709159380834848,20.041,pause,0.5169999999999995
1,85.0,4.534885668799307,2.6990897294763623,157.34943776311738,-8.567655086517334,3.7,[-8.567655086517334 3.7],0.0,False,True,45.68728141268315,54,17.709159380834848,20.111,pause,0.4469999999999992
1,86.0,4.534829417768387,2.699185523280462,157.33785390357042,-10.2134370803833,3.7,[-10.2134370803833 3.7],0.0,False,True,45.68778241683154,54,17.709159380834848,20.179,pause,0.37900000000000134
1,87.0,4.534823614267683,2.6991321877213217,157.35785402266612,-8.83967113494873,3.7,[-8.83967113494873 3.7],0.0,False,True,45.68769702276828,54,17.709159380834848,20.242,pause,0.31599999999999895
1,88.0,4.535019062498477,2.699193464509663,157.32302069679838,-9.647985935211182,3.7,[-9.647985935211182 3.7],0.0,False,True,45.686810855263104,54,17.709159380834848,20.307,pause,0.2510000000000012
1,89.0,4.535017197945981,2.6990099182902245,157.36750759629845,-9.530224800109863,3.7,[-9.530224800109863 3.7],0.0,False,True,45.68642257555693,54,17.709159380834848,20.379,pause,0.1789999999999985
1,90.0,4.535109965920964,2.6989294209608303,157.3820394781669,-7.9534077644348145,3.7,[-7.9534077644348145 3.7],0.0,False,True,45.685764345970895,54,17.709159380834848,20.443,pause,0.11499999999999844
1,91.0,4.534991527518287,2.699051123630314,157.36353173677614,-9.668174743652344,3.7,[-9.668174743652344 3.7],0.0,False,True,45.686645767175676,54,17.709159380834848,20.505,pause,0.053000000000000824
1,92.0,4.534978971545786,2.699051841289417,157.36434525981412,-8.850944995880127,3.7,[-8.850944995880127 3.7],0.0,False,True,45.68671278844481,54,17.709159380834848,20.573,pause,0.0
1,93.0,4.5346034003216005,2.699128986717036,157.4065676902695,-7.91057825088501,3.7,[-7.91057825088501 3.7],0.5,False,True,45.68883824668135,54,17.709159380834848,20.761,in_progress,0.0
1,94.0,4.481108729619262,2.7275670851707647,156.11056747627202,0.06925714015960693,3.7,[0.06925714015960693 3.7],0.5,False,True,45.84501919963853,54,17.709159380834848,20.806,in_progress,0.0
1,95.0,4.455229497824954,2.7402257523095153,155.8322062181807,-3.147507905960083,3.7,[-3.147507905960083 3.7],0.1,False,True,46.006652486486374,54,17.709159380834848,20.884,in_progress,0.0
1,96.0,4.389483685867609,2.7779525194812114,154.08763610762065,-5.041733980178833,3.7,[-5.041733980178833 3.7],0.1,False,True,46.434203773782436,55,17.709159380834848,20.947,in_progress,0.0
1,97.0,4.326474693965981,2.8182631201923134,152.15177818210478,-7.972041606903076,3.7,[-7.972041606903076 3.7],0.1,False,True,46.670520996147985,55,17.709159380834848,21.011,in_progress,0.0
1,98.0,4.251919253434978,2.871500026830479,149.489323671286,-10.55937910079956,3.7,[-10.55937910079956 3.7],0.1,False,True,47.1844976383087,56,17.709159380834848,21.082,in_progress,0.0
1,99.0,4.1591438833032095,2.9536171333332204,144.49106272697654,-13.169272899627686,3.7,[-13.169272899627686 3.7],0.1,False,True,47.78217649049649,56,17.709159380834848,21.154,in_progress,0.0
1,100.0,4.069211328106713,3.0542550666980484,138.28802014595055,-14.534106731414795,3.61648291349411,[-14.534106731414795 3.61648291349411],0.1,False,True,48.46652732993476,57,17.709159380834848,21.209,in_progress,0.0
1,101.0,3.9978800253598155,3.1594880162733916,131.54628542892843,-9.096390724182129,3.262956660985947,[-9.096390724182129 3.262956660985947],0.1,False,True,49.16463794896779,58,17.709159380834848,21.281,in_progress,0.0
1,102.0,3.9190016025051024,3.3088625131127474,121.94018222266936,-17.873611450195312,2.549919676780701,[-17.873611450195312 2.549919676780701],0.5,False,True,50.11039716467957,59,17.709159380834848,21.34,in_progress,0.0
1,103.0,3.862662054111883,3.448361513050436,113.33691580811082,-8.161016464233398,1.5015286207199097,[-8.161016464233398 1.5015286207199097],0.5,False,True,50.920930081574134,60,17.709159380834848,21.416,in_progress,0.0
1,104.0,3.812899663548125,3.6059426486668578,103.84671187558554,17.07902956008911,1.4897119224071504,[17.07902956008911 1.4897119224071504],1.0,False,True,51.7880177204806,61,17.709159380834848,21.479,in_progress,0.0
1,105.0,3.7726346706337606,3.7392524104517304,97.92069088369075,25.256850242614746,1.1999359905719758,[25.256850242614746 1.1999359905719758],1.0,False,True,52.515270458291155,62,17.709159380834848,21.547,in_progress,0.0
1,106.0,3.7320500605390508,3.855621707749841,95.7396484769582,30.0,1.1,[30.0 1.1],1.0,False,True,53.16944731985478,63,17.709159380834848,21.61,in_progress,0.0
1,107.0,3.6846922940664983,3.9551067580345003,97.93738921167491,30.0,1.1,[30.0 1.1],1.0,False,True,53.77364754902306,63,17.709159380834848,21.683,in_progress,0.0
1,108.0,3.6314700908622566,4.043384703157351,103.30375059890405,30.0,1.1,[30.0 1.1],1.0,False,True,54.351146577995614,64,17.709159380834848,21.751,in_progress,0.0
1,109.0,3.570258025019168,4.124588228868103,111.94112906928557,30.0,1.1,[30.0 1.1],1.0,False,True,54.9250147174458,65,17.709159380834848,21.811,in_progress,0.0
1,110.0,3.5182196848047864,4.181335389549412,117.9879061939484,30.0,1.1,[30.0 1.1],1.0,False,True,55.35954258707992,65,17.709159380834848,21.872,in_progress,0.0
1,111.0,3.459242842547729,4.238333544920198,123.52427848478307,30.0,1.1,[30.0 1.1],1.0,False,True,55.819198909291245,66,17.709159380834848,21.945,in_progress,0.0
1,112.0,3.3850351454047223,4.295642654563315,129.99770693702763,30.0,1.1,[30.0 1.1],1.0,False,True,56.303561455594895,66,17.709159380834848,22.01,in_progress,0.0
1,113.0,3.324505952455726,4.335529315516798,134.6505978175852,30.0,1.2544251799583437,[30.0 1.2544251799583437],1.0,False,True,56.706909792941026,67,17.709159380834848,22.082,in_progress,0.0
1,114.0,3.2440209474053865,4.37448156009654,141.1848876009557,30.0,1.6454360783100128,[30.0 1.6454360783100128],1.0,False,True,57.17483911737949,67,17.709159380834848,22.147,in_progress,0.0
1,115.0,3.1526599987735504,4.401888430581878,149.0555872353035,30.0,1.6696669697761537,[30.0 1.6696669697761537],1.0,False,True,57.69713938044083,68,17.709159380834848,22.209,in_progress,0.0
1,116.0,3.0640647651186286,4.41423603847001,156.95067781808655,29.741226196289062,1.5793889939785004,[29.741226196289062 1.5793889939785004],1.0,False,True,58.177590312290405,69,17.709159380834848,22.277,in_progress,0.0
1,117.0,2.953750047818419,4.414811768512176,166.1181677349272,28.25775718688965,1.7783002257347107,[28.25775718688965 1.7783002257347107],1.0,False,True,58.842269802729916,69,17.709159380834848,22.356,in_progress,0.0
1,118.0,2.8256686038606293,4.401236917281103,175.4040990574971,9.791349649429321,2.126532244682312,[9.791349649429321 2.126532244682312],0.5,False,True,59.671622944317384,71,17.709159380834848,22.414,in_progress,0.0
1,119.0,2.728628521130829,4.3858728953384345,-179.34540482357218,-15.542510032653809,1.3946341514587404,[-15.542510032653809 1.3946341514587404],0.5,False,True,60.18420459568359,71,17.709159380834848,22.496,in_progress,0.0
1,120.0,2.591073923178599,4.3783226604710554,-178.00709975330247,-18.0,2.454978048801422,[-18.0 2.454978048801422],0.5,False,True,60.96968937539506,72,17.709159380834848,22.545,in_progress,0.0
1,121.0,2.497242669541352,4.381516216481683,-179.44966107181486,-18.0,2.197767154872418,[-18.0 2.197767154872418],0.5,False,True,61.499570011816076,73,17.709159380834848,22.614,in_progress,0.0
1,122.0,2.374845167317253,4.401982176197328,176.049726221176,-12.574370384216309,1.5389317512512208,[-12.574370384216309 1.5389317512512208],0.5,False,True,62.21174164640833,73,17.709159380834848,22.679,in_progress,0.0
1,123.0,2.2564727584716313,4.4330560203229465,171.30254908247164,-13.947073459625244,1.242511934041977,[-13.947073459625244 1.242511934041977],1.0,False,True,62.87217823544662,74,17.709159380834848,22.743,in_progress,0.0
1,124.0,2.1511768470902335,4.4684931717065615,167.20069940418165,13.652541875839233,1.3997913122177126,[13.652541875839233 1.3997913122177126],1.0,False,True,63.45974520501173,75,17.709159380834848,22.808,in_progress,0.0
1,125.0,2.0578058514681086,4.504099667454057,163.99240994746873,24.916316986083984,1.1,[24.916316986083984 1.1],1.0,False,True,63.98064747244461,76,17.709159380834848,22.877,in_progress,0.0
1,126.0,1.9665932349932365,4.528197779033882,164.5085469898819,22.97286558151245,1.1,[22.97286558151245 1.1],1.0,False,True,64.4917778328483,76,17.709159380834848,22.947,in_progress,0.0
1,127.0,1.8761287832548037,4.538890534337576,167.52642244807646,24.684195041656494,1.1,[24.684195041656494 1.1],1.0,False,True,65.00077386875108,77,17.709159380834848,23.018,in_progress,0.0
1,128.0,1.7912007690964782,4.5379005699872845,171.70093071135256,25.915879726409912,1.1,[25.915879726409912 1.1],1.0,False,True,65.47845728610973,77,17.709159380834848,23.081,in_progress,0.0
1,129.0,1.7118532068903693,4.528372007562022,176.27701831828318,26.691887855529785,1.1,[26.691887855529785 1.1],1.0,False,True,65.92804151114873,78,17.709159380834848,23.149,in_progress,0.0
1,130.0,1.636632644812862,4.5106112245073,-178.7234136101393,29.18869113922119,1.287957262992859,[29.18869113922119 1.287957262992859],1.0,False,True,66.3540904293646,78,17.709159380834848,23.218,in_progress,0.0
1,131.0,1.5569207223204655,4.4825690077132325,-172.90272540047712,27.625306606292725,1.1,[27.625306606292725 1.1],1.0,False,True,66.81033927619177,79,17.709159380834848,23.286,in_progress,0.0
1,132.0,1.4799138772951999,4.44060455842747,-165.87016180098215,30.0,1.1,[30.0 1.1],1.0,False,True,67.25862598578851,79,17.709159380834848,23.357,in_progress,0.0
1,133.0,1.4108161068411618,4.393179717788974,-159.4707709747927,28.71526050567627,1.1,[28.71526050567627 1.1],1.0,False,True,67.66666274396435,80,17.709159380834848,23.415,in_progress,0.0
1,134.0,1.3542090372113438,4.347574468484974,-154.34286605787355,23.00193214416504,1.1,[23.00193214416504 1.1],0.5,False,True,68.1193188712524,80,17.709159380834848,23.479,in_progress,0.0
1,135.0,1.299118905433016,4.295135447611538,-149.14964410145313,21.33541488647461,1.1,[21.33541488647461 1.1],0.5,False,True,68.49792926903045,81,17.709159380834848,23.541,in_progress,0.0
1,136.0,1.2507996712682876,4.240033121665391,-144.14738425131702,20.531221389770508,1.1,[20.531221389770508 1.1],0.5,False,True,69.07075202694841,82,17.709159380834848,23.611,in_progress,0.0
1,137.0,1.203931776774068,4.176139385651798,-138.7983172715172,16.306084156036377,1.1,[16.306084156036377 1.1],0.5,False,True,69.66615462501308,82,17.709159380834848,23.671,in_progress,0.0
1,138.0,1.167982548382235,4.117012136544594,-134.14121755802935,13.338932275772095,1.1,[13.338932275772095 1.1],0.1,False,True,70.03445591327583,83,17.709159380834848,23.736,in_progress,0.0
1,139.0,1.1313268345016048,4.047160484511705,-129.2359999083535,10.842430472373962,1.3759965896606445,[10.842430472373962 1.3759965896606445],0.1,False,True,70.64293191619868,83,17.709159380834848,23.809,in_progress,0.0
1,140.0,1.098284360545663,3.97038978315534,-124.15179580803142,10.891739130020142,1.623245394229889,[10.891739130020142 1.623245394229889],0.1,False,True,71.31176927969062,84,17.709159380834848,23.875,in_progress,0.0
1,141.0,1.0692013368382023,3.8888257200576217,-119.48020233958107,9.159191250801086,1.7699716776609422,[9.159191250801086 1.7699716776609422],0.1,False,True,71.7857359046419,85,17.709159380834848,23.948,in_progress,0.0
1,142.0,1.0382651931340354,3.790724122132477,-114.97590190126114,6.988296031951904,1.6890618801116943,[6.988296031951904 1.6890618801116943],0.1,False,False,72.66144356237692,86,17.709159380834848,24.017,in_progress,0.0
1,143.0,1.0076567514182813,3.6808584541370664,-111.16161528432997,5.959346344694495,1.6015717744827271,[5.959346344694495 1.6015717744827271],0.1,False,False,73.91627455573563,87,17.709159380834848,24.085,in_progress,0.0
1,144.0,0.9828278596526903,3.5762526722068957,-108.09268755308835,10.526697278022766,1.4444267570972444,[10.526697278022766 1.4444267570972444],0.1,False,False,74.51274847566611,88,17.709159380834848,24.156,in_progress,0.0
1,145.0,0.9632141300312874,3.465975518565988,-104.87475190733478,14.64192795753479,1.5616121470928193,[14.64192795753479 1.5616121470928193],0.1,False,False,75.28013559777015,89,17.709159380834848,24.216,in_progress,0.0
1,146.0,0.9533935492788077,3.3731868458138785,-101.76347393340238,14.947514533996582,1.672899377346039,[14.947514533996582 1.672899377346039],0.1,False,True,75.9234153422088,90,17.709159380834848,24.277,in_progress,0.0
1,147.0,0.9517171783534167,3.2709701809743184,-97.69475618270327,11.556812524795532,1.8904979556798938,[11.556812524795532 1.8904979556798938],0.1,False,True,76.60396320836416,90,17.709159380834848,24.347,in_progress,0.0
1,148.0,0.9591332894059015,3.1549753219812624,-92.90953526858846,4.489203214645386,2.160336245596409,[4.489203214645386 2.160336245596409],0.5,False,True,77.28783663776507,91,17.709159380834848,24.415,in_progress,0.0
1,149.0,0.97328427758474,3.0291961697664367,-88.73931861710494,-11.764294624328613,2.079729670286179,[-11.764294624328613 2.079729670286179],0.5,False,True,77.9919007380714,92,17.709159380834848,24.484,in_progress,0.0
1,150.0,0.9835398073242764,2.8960571351308504,-87.4286528862859,-17.763643741607666,2.284888669103384,[-17.763643741607666 2.284888669103384],0.5,False,True,78.70958788790622,93,17.709159380834848,24.561,in_progress,0.0
1,151.0,0.9776528360339886,2.7457620927935715,-90.00746733144895,-15.060286045074463,2.082839107513428,[-15.060286045074463 2.082839107513428],0.5,False,True,79.50785623112844,94,17.709159380834848,24.616,in_progress,0.0
1,152.0,0.9631119716849946,2.627969240001086,-92.98950856113312,1.0484519004821777,2.407207610830665,[1.0484519004821777 2.407207610830665],1.0,False,True,80.13528716249374,95,17.709159380834848,24.686,in_progress,0.0
1,153.0,0.9480883729097417,2.488824140000091,-94.40275396637922,18.630356311798096,2.4734236244112253,[18.630356311798096 2.4734236244112253],1.0,False,True,80.88754754397546,95,17.709159380834848,24.748,in_progress,0.0
1,154.0,0.9479846782539331,2.348498056456366,-92.0848206575057,24.13289451599121,2.7132998019456864,[24.13289451599121 2.7132998019456864],1.0,False,True,81.663336954284,96,17.709159380834848,24.809,in_progress,0.0
1,155.0,0.9631868528460827,2.19574643657047,-87.90244002508666,17.30014157295227,2.162456747889519,[17.30014157295227 2.162456747889519],1.0,False,True,82.52536976778839,97,17.709159380834848,24.881,in_progress,0.0
1,156.0,0.98899990521197,2.030696696441963,-84.07249249814878,20.743349075317383,2.3976842280477286,[20.743349075317383 2.3976842280477286],1.0,False,True,83.46755536460574,98,17.709159380834848,24.95,in_progress,0.0
1,157.0,1.027903742329149,1.8650898870198034,-79.85071707435539,13.586419343948364,1.9900909155607225,[13.586419343948364 1.9900909155607225],1.0,False,True,84.42786734148596,100,17.709159380834848,25.016,in_progress,0.0
1,158.0,1.0752168330787735,1.7158963666231366,-75.63297674006336,6.966543138027191,1.6096344292163849,[6.966543138027191 1.6096344292163849],1.0,False,True,85.30696727908644,101,17.709159380834848,25.074,in_progress,0.0
1,159.0,1.1213546356594692,1.5981488260660601,-72.35954925132539,-2.2827723026275635,1.1,[-2.2827723026275635 1.1],1.0,False,True,86.01110184214852,101,17.709159380834848,25.148,in_progress,0.0
1,160.0,1.1887983239733835,1.4614503159740864,-67.77323167555787,4.941377341747284,1.1,[4.941377341747284 1.1],1.0,False,True,86.84665165417981,102,17.709159380834848,25.205,in_progress,0.0
1,161.0,1.2469486994775774,1.3692176209895743,-63.77789906294279,8.275958240032196,1.1,[8.275958240032196 1.1],0.5,False,True,87.45897757176336,103,17.709159380834848,25.274,in_progress,0.0
1,162.0,1.3101192374530448,1.2898300007276726,-59.1596888897851,12.69700813293457,1.1,[12.69700813293457 1.1],0.5,False,True,87.98894194126026,104,17.709159380834848,25.346,in_progress,0.0
1,163.0,1.383404411931534,1.2160070955521538,-53.67492542938916,13.725271940231323,1.1,[13.725271940231323 1.1],0.5,False,True,88.59089612023827,105,17.709159380834848,25.425,in_progress,0.0
1,164.0,1.4720647813480041,1.1505801982722617,-46.80044576948261,15.385019302368164,1.1,[15.385019302368164 1.1],0.1,False,True,89.42632696886966,106,17.709159380834848,25.474,in_progress,0.0
1,165.0,1.5210385906051889,1.1229789096694252,-42.94824241178781,16.283002138137817,1.3777886867523195,[16.283002138137817 1.3777886867523195],0.1,False,True,89.713742066993,106,17.709159380834848,25.555,in_progress,0.0
1,166.0,1.6229139223458766,1.079693098986568,-34.94517056397491,14.42754864692688,2.11569289714098,[14.42754864692688 2.11569289714098],0.1,False,True,91.00443211460919,107,17.709159380834848,25.616,in_progress,0.0
1,167.0,1.7131668791913846,1.0540171766781479,-28.26633368538251,5.30099929869175,2.3742018856108187,[5.30099929869175 2.3742018856108187],0.1,False,False,91.79810142098582,108,17.709159380834848,25.687,in_progress,0.0
1,168.0,1.812502982928233,1.0271106284038731,-23.254186756058267,-4.592940330505371,2.6612205445766453,[-4.592940330505371 2.6612205445766453],0.1,False,False,92.5783848152934,109,17.709159380834848,25.754,in_progress,0.0
1,169.0,1.929206118035151,0.987821234506341,-21.278395105703027,-9.761484146118164,3.1021143198013306,[-9.761484146118164 3.1021143198013306],0.1,False,False,93.37407337128376,110,17.709159380834848,25.826,in_progress,0.0
1,170.0,2.0606639034137406,0.928752965220868,-22.860733332232726,-9.046500205993652,3.1048078119754794,[-9.046500205993652 3.1048078119754794],0.1,False,True,94.24223400241704,111,17.709159380834848,25.887,in_progress,0.0
1,171.0,2.1765953549597703,0.8666462633083811,-25.435045374083657,8.62110847234726,2.819164055585861,[8.62110847234726 2.819164055585861],0.1,False,True,94.99088384886068,112,17.709159380834848,25.947,in_progress,0.0
1,172.0,2.3256092073668504,0.7894602271077613,-26.595897008432935,27.643595695495605,2.964711543917656,[27.643595695495605 2.964711543917656],0.5,False,True,95.87696544329421,113,17.709159380834848,26.019,in_progress,0.0
1,173.0,2.476530529459441,0.731348629468848,-23.428556684219203,30.0,3.7,[30.0 3.7],1.0,False,True,96.71602217228661,114,17.709159380834848,26.082,in_progress,0.0
1,174.0,2.646065833444472,0.6882302836039782,-17.81914882205484,20.09342908859253,3.7,[20.09342908859253 3.7],1.0,False,True,97.66462073985458,115,17.709159380834848,26.154,in_progress,0.0
1,175.0,2.8503149617448855,0.6595093180186641,-10.117526066122073,17.079885005950928,3.7,[17.079885005950928 3.7],1.0,False,True,98.81747564480983,117,17.709159380834848,26.212,in_progress,0.0
1,176.0,3.0363514204682,0.6475601417250076,-3.7918326538838105,18.044976711273193,3.7,[18.044976711273193 3.7],1.0,False,True,99.86867786510759,118,17.709159380834848,26.275,in_progress,0.0
1,177.0,3.216196763291127,0.6472192886630616,1.6706691103522422,23.35109281539917,3.7,[23.35109281539917 3.7],1.0,True,True,100,1,17.709159380834848,26.343,lap_complete,0.0
2,1.0,3.199959898906503,0.6832595062605952,0.23583878941226355,-18.0,3.7,[-18.0 3.7],0.0,False,True,0.7918365903456152,1,17.709159380834848,26.474,prepare,0.0
2,2.0,3.2002392407749007,0.6833409278366128,0.2652764787311683,-6.897984981536865,3.7,[-6.897984981536865 3.7],1.0,False,True,0.7934154392766051,1,17.709159380834848,26.544,in_progress,0.0
2,3.0,3.2056351576294415,0.6846604796276327,0.5239753966930653,-12.433186054229736,3.1950138032436373,[-12.433186054229736 3.1950138032436373],1.0,False,True,0.8239087554147395,1,17.709159380834848,26.608,in_progress,0.0
2,4.0,3.226093480922748,0.6857411179102229,0.7951786829655121,-10.57382869720459,3.7,[-10.57382869720459 3.7],1.0,False,True,0.9394274776589766,1,17.709159380834848,26.674,in_progress,0.0
2,5.0,3.256618354254415,0.6854681512522318,0.6152911485818693,-14.68285846710205,3.7,[-14.68285846710205 3.7],1.0,False,True,1.1117926299514664,1,17.709159380834848,26.744,in_progress,0.0
2,6.0,3.307026693240742,0.6833688186757507,-0.019954953942488373,-9.47188138961792,3.7,[-9.47188138961792 3.7],1.0,False,True,1.39641972041327,2,17.709159380834848,26.809,in_progress,0.0
2,7.0,3.367363156942426,0.6819226457415589,-0.2559933848993968,-7.85591983795166,3.7,[-7.85591983795166 3.7],1.0,False,True,1.737124933218771,2,17.709159380834848,26.87,in_progress,0.0
2,8.0,3.4411547509438396,0.6798706203430794,-0.6990539725914882,-2.313392400741577,3.7,[-2.313392400741577 3.7],1.0,False,True,2.1538080168038043,3,17.709159380834848,26.943,in_progress,0.0
2,9.0,3.5393595686968657,0.6791421643829373,-0.5939537689652203,-3.010023593902588,3.7,[-3.010023593902588 3.7],1.0,False,True,2.708346045239966,3,17.709159380834848,27.016,in_progress,0.0
2,10.0,3.6543240814377724,0.6804264340879699,-0.10879000843327127,-7.153706073760986,3.7,[-7.153706073760986 3.7],1.0,False,True,3.357529946891665,4,17.709159380834848,27.071,in_progress,0.0
2,11.0,3.760315360568343,0.6779817782263001,-0.6298272167130873,-6.855483055114746,3.7,[-6.855483055114746 3.7],1.0,False,True,3.9560361899908694,5,17.709159380834848,27.144,in_progress,0.0
2,12.0,3.907375212344225,0.6705034963692972,-1.8658347421746755,-3.1635589599609375,3.7,[-3.1635589599609375 3.7],1.0,False,True,4.786439153341686,6,17.709159380834848,27.214,in_progress,0.0
2,13.0,4.064547669659232,0.658965943254628,-3.096591594742344,1.93013334274292,3.364095234870911,[1.93013334274292 3.364095234870911],1.0,False,True,5.673937203900324,7,17.709159380834848,27.272,in_progress,0.0
2,14.0,4.206502283407107,0.6501063405941263,-3.2800832679188803,15.244985103607178,3.7,[15.244985103607178 3.7],1.0,False,True,6.475507246943238,8,17.709159380834848,27.347,in_progress,0.0
2,15.0,4.405122396292263,0.6511082548162075,-0.8895344040941645,8.713831901550293,2.9338701248168944,[8.713831901550293 2.9338701248168944],1.0,False,True,7.597075239859342,9,17.709159380834848,27.405,in_progress,0.0
2,16.0,4.5841618870650604,0.6682754403425681,3.2870171170364078,-14.665210247039795,2.0012954354286197,[-14.665210247039795 2.0012954354286197],1.0,False,True,8.608108711533708,10,17.709159380834848,27.477,in_progress,0.0
2,17.0,4.782311382881353,0.6909213358637696,7.140778732596992,-18.0,2.0601985782384875,[-18.0 2.0601985782384875],1.0,False,True,9.727065984186364,12,17.709159380834848,27.542,in_progress,0.0
2,18.0,4.937249125087276,0.6977544188036227,6.199297745838408,-18.0,2.201369306445122,[-18.0 2.201369306445122],1.0,False,True,10.601982820713774,13,17.709159380834848,27.601,in_progress,0.0
2,19.0,5.0963760801507725,0.6976622076622854,2.943458881093445,-18.0,2.166925212740898,[-18.0 2.166925212740898],1.0,False,True,11.50053709014049,14,17.709159380834848,27.688,in_progress,0.0
2,20.0,5.28448231779325,0.688054621215888,-0.6101228472765228,-18.0,1.9440387159585955,[-18.0 1.9440387159585955],1.0,False,True,12.562714210471462,15,17.709159380834848,27.747,in_progress,0.0
2,21.0,5.413426894283554,0.6745713276518269,-3.0961434429367176,-13.687158107757568,1.882866394519806,[-13.687158107757568 1.882866394519806],1.0,False,True,13.290806939212393,16,17.709159380834848,27.816,in_progress,0.0
2,22.0,5.563470739209823,0.6518896686734298,-5.932631031977866,9.742690801620483,2.3041322201490404,[9.742690801620483 2.3041322201490404],1.0,False,True,14.137830761793085,17,17.709159380834848,27.878,in_progress,0.0
2,23.0,5.687738664051776,0.6361669765493208,-6.4996828826152395,17.37637710571289,1.8275946348905565,[17.37637710571289 1.8275946348905565],1.0,False,True,14.839902598238123,18,17.709159380834848,27.944,in_progress,0.0
2,24.0,5.822431742927174,0.6311412990164149,-4.401768944539679,23.060105323791504,1.619359701871872,[23.060105323791504 1.619359701871872],1.0,False,True,15.601781500766466,18,17.709159380834848,28.0,in_progress,0.0
2,25.0,5.94618322298251,0.6382255874404813,-0.9344074342465137,22.81360673904419,1.3349421620368958,[22.81360673904419 1.3349421620368958],1.0,False,True,16.301342421818394,19,17.709159380834848,28.067,in_progress,0.0
2,26.0,6.060660535481041,0.6549736553962421,2.9527722138755994,20.563897132873535,1.2722630083560944,[20.563897132873535 1.2722630083560944],1.0,False,True,16.94170516387046,20,17.709159380834848,28.153,in_progress,0.0
2,27.0,6.18828323443924,0.689649208525408,8.637742913871016,19.45098352432251,1.1449057936668396,[19.45098352432251 1.1449057936668396],1.0,False,True,17.66713569946454,21,17.709159380834848,28.205,in_progress,0.0
2,28.0,6.271700857851847,0.7253417830006156,13.677641783911694,15.22305178642273,1.1,[15.22305178642273 1.1],1.0,False,True,18.154615043694616,21,17.709159380834848,28.282,in_progress,0.0
2,29.0,6.360037892224455,0.7734649856005963,19.28864069201856,9.367862105369568,1.1,[9.367862105369568 1.1],1.0,False,True,18.696350520392485,22,17.709159380834848,28.349,in_progress,0.0
2,30.0,6.433495605345476,0.8187364963417162,23.286935567278586,4.865433722734451,1.1,[4.865433722734451 1.1],0.5,False,True,19.141949548118994,23,17.709159380834848,28.417,in_progress,0.0
2,31.0,6.501515479270375,0.8661854278364063,26.948434559655254,1.4922233819961548,1.1,[1.4922233819961548 1.1],0.5,False,True,19.721641029102145,23,17.709159380834848,28.487,in_progress,0.0
2,32.0,6.569898347044848,0.914363050452905,29.544908378383884,-0.149888277053833,1.1,[-0.149888277053833 1.1],0.5,False,True,20.176037994179723,24,17.709159380834848,28.551,in_progress,0.0
2,33.0,6.634880961901847,0.9575798707003468,30.75417045983678,3.582949161529541,1.1,[3.582949161529541 1.1],0.5,False,True,20.772562246660957,25,17.709159380834848,28.628,in_progress,0.0
2,34.0,6.704804724297889,1.0104778355035295,32.832346279003865,15.293623208999634,1.1,[15.293623208999634 1.1],0.5,False,True,21.359391528077676,25,17.709159380834848,28.675,in_progress,0.0
2,35.0,6.746251254596923,1.0471605554153594,34.75832302156018,20.414361476898193,1.1,[20.414361476898193 1.1],0.5,False,True,21.669601875083043,26,17.709159380834848,28.753,in_progress,0.0
2,36.0,6.8056307908613105,1.1154591336661872,39.536951156618365,22.746917724609375,1.1,[22.746917724609375 1.1],0.1,False,True,22.31116038692017,26,17.709159380834848,28.805,in_progress,0.0
2,37.0,6.845686461854647,1.1764236307265048,44.33092168096357,23.273541927337646,1.1,[23.273541927337646 1.1],0.1,False,True,22.962582652413236,27,17.709159380834848,28.887,in_progress,0.0
2,38.0,6.8839523011622,1.2527140372650711,50.41637595444767,22.128048419952393,1.1,[22.128048419952393 1.1],0.1,False,True,23.437107132123437,28,17.709159380834848,28.961,in_progress,0.0
2,39.0,6.914071490361995,1.3336400196871137,56.53992406627243,17.835246562957764,1.1059894382953646,[17.835246562957764 1.1059894382953646],0.1,False,True,24.099571984627666,28,17.709159380834848,29.022,in_progress,0.0
2,40.0,6.9341487108179,1.4053476691533882,61.60398383345202,12.75007438659668,1.1,[12.75007438659668 1.1],0.1,False,True,24.683832950738708,29,17.709159380834848,29.081,in_progress,0.0
2,41.0,6.949004408777293,1.474261337710904,65.99256884390171,9.540326714515686,1.1,[9.540326714515686 1.1],0.1,False,True,25.075493761249586,30,17.709159380834848,29.145,in_progress,0.0
2,42.0,6.962919417208039,1.5445726375282365,69.51314757047585,7.686032295227051,1.1,[7.686032295227051 1.1],0.1,False,True,25.666843951102376,30,17.709159380834848,29.215,in_progress,0.0
2,43.0,6.976503770082996,1.6298991172542674,73.21574325634998,9.972106218338013,1.1,[9.972106218338013 1.1],0.1,False,False,26.492337072818056,31,17.709159380834848,29.271,in_progress,0.0
2,44.0,6.982801301663484,1.697453357120678,76.22833920972171,14.306997299194336,1.1,[14.306997299194336 1.1],0.1,False,False,26.87539601416779,32,17.709159380834848,29.346,in_progress,0.0
2,45.0,6.9837699601403775,1.7844735818664512,80.46933994298067,17.94480800628662,1.1,[17.94480800628662 1.1],0.1,False,False,27.69467302289806,33,17.709159380834848,29.416,in_progress,0.0
2,46.0,6.975551644448786,1.8684977148305102,85.26093778632172,20.877023220062256,1.1,[20.877023220062256 1.1],0.1,False,False,28.32033886203024,33,17.709159380834848,29.479,in_progress,0.0
2,47.0,6.963496897693725,1.9354236078299465,89.21942093462899,21.95575189590454,1.1,[21.95575189590454 1.1],0.1,False,False,28.894066897183656,34,17.709159380834848,29.55,in_progress,0.0
2,48.0,6.9393674235363525,2.015957470908326,94.72782976696577,22.217368125915527,1.1,[22.217368125915527 1.1],0.1,False,False,29.36838743207163,35,17.709159380834848,29.613,in_progress,0.0
2,49.0,6.907422958020556,2.0938095209775596,100.2840171921189,22.437004566192627,1.1,[22.437004566192627 1.1],0.1,False,False,30.085708374776495,36,17.709159380834848,29.682,in_progress,0.0
2,50.0,6.874621282362006,2.159428446225414,104.85211407278977,22.8447847366333,1.1,[22.8447847366333 1.1],0.1,False,False,30.748292672445555,36,17.709159380834848,29.75,in_progress,0.0
2,51.0,6.830214382188171,2.2262775121394927,110.53624154981406,23.768288612365723,1.1,[23.768288612365723 1.1],0.1,False,False,31.200542999156927,37,17.709159380834848,29.82,in_progress,0.0
2,52.0,6.772355883651155,2.295537060155144,117.01021766413648,24.250679969787598,1.4261908829212189,[24.250679969787598 1.4261908829212189],0.1,False,False,31.905629033951964,38,17.709159380834848,29.881,in_progress,0.0
2,53.0,6.7176551716327655,2.347404355396196,122.74524913367848,24.87061643600464,2.1223421290516855,[24.87061643600464 2.1223421290516855],0.1,False,True,32.518520120559394,38,17.709159380834848,29.954,in_progress,0.0
2,54.0,6.633365596684863,2.4034310070741194,131.53233212243006,21.490612506866455,2.1929623037576675,[21.490612506866455 2.1929623037576675],0.1,False,True,33.30945086984902,39,17.709159380834848,30.01,in_progress,0.0
2,55.0,6.537543698600353,2.448410465146311,140.86227106340172,15.240541219711304,1.472956109046936,[15.240541219711304 1.472956109046936],0.1,False,True,34.1309928535326,40,17.709159380834848,30.074,in_progress,0.0
2,56.0,6.443816875947305,2.481798985312213,148.5497514686749,17.86337971687317,2.450303277373314,[17.86337971687317 2.450303277373314],0.1,False,True,34.91680343630293,41,17.709159380834848,30.155,in_progress,0.0
2,57.0,6.307521618126507,2.514794529839691,157.32389410202236,21.040437698364258,3.2462808907032015,[21.040437698364258 3.2462808907032015],0.1,False,True,35.898973196081336,42,17.709159380834848,30.213,in_progress,0.0
2,58.0,6.18638869706013,2.524105036720347,165.65699893682503,6.90823557972908,3.294090396165848,[6.90823557972908 3.294090396165848],0.1,False,True,36.65015321276014,43,17.709159380834848,30.283,in_progress,0.0
2,59.0,6.0475560373478885,2.515339957123884,175.87478878301806,-18.0,3.7,[-18.0 3.7],0.1,False,True,37.477191989275035,44,17.709159380834848,30.348,in_progress,0.0
2,60.0,5.884084899015058,2.5010997392415595,-175.07456507667527,-18.0,3.7,[-18.0 3.7],0.1,False,True,38.401604372369846,45,17.709159380834848,30.413,in_progress,0.0
2,61.0,5.713578638817278,2.5018601400325595,-172.68967862222397,-18.0,3.7,[-18.0 3.7],0.1,False,True,39.36309641534534,46,17.709159380834848,30.481,in_progress,0.0
2,62.0,5.533741059401483,2.511147491593599,-175.27238005943184,-18.0,3.7,[-18.0 3.7],0.1,False,True,40.37196593676342,48,17.709159380834848,30.555,in_progress,0.0
2,63.0,5.312085850774649,2.540577886789605,176.01162710966625,-18.0,3.7,[-18.0 3.7],0.1,False,True,41.64474288526451,49,17.709159380834848,30.621,in_progress,0.0
2,64.0,5.101067941922347,2.5845581987118584,168.11966249883943,-18.0,3.7,[-18.0 3.7],0.5,False,True,42.80478121712505,51,17.709159380834848,30.68,in_progress,0.0
2,65.0,4.914537042509583,2.6376353234561023,161.40300724994606,-18.0,3.7,[-18.0 3.7],0.5,False,True,43.76860561763581,52,17.709159380834848,30.75,in_progress,0.0
2,66.0,4.705591319971988,2.710698687296713,154.6179217662406,-18.0,3.7,[-18.0 3.7],0.5,False,True,44.90789083722278,53,17.709159380834848,30.821,in_progress,0.0
2,67.0,4.472135003089568,2.811985805131321,147.7421977776984,-18.0,3.7,[-18.0 3.7],0.5,False,True,46.14433716742489,54,17.709159380834848,30.88,in_progress,0.0
2,68.0,4.298982657195919,2.903808542475679,142.16334737763907,-18.0,3.5463786602020266,[-18.0 3.5463786602020266],0.5,False,True,47.10928889024218,56,17.709159380834848,30.953,in_progress,0.0
2,69.0,4.07543742855161,3.047064647627579,133.88692679242993,-15.722508430480957,3.552415519952774,[-15.722508430480957 3.552415519952774],0.1,False,True,48.412833435141366,57,17.709159380834848,31.02,in_progress,0.0
2,70.0,3.8906057237648244,3.1874482510849007,126.55027390233589,-6.58811616897583,3.134265059232712,[-6.58811616897583 3.134265059232712],0.1,False,True,49.666726158318944,59,17.709159380834848,31.072,in_progress,0.0
2,71.0,3.758502058387681,3.3004536127762005,121.30169012088352,-7.810928821563721,2.588422004878521,[-7.810928821563721 2.588422004878521],0.1,False,False,50.64702085838946,60,17.709159380834848,31.137,in_progress,0.0
2,72.0,3.5880597313879528,3.4529307506131963,116.17344832323421,-5.416703939437866,1.878504240512848,[-5.416703939437866 1.878504240512848],0.1,False,False,51.9199030515308,61,17.709159380834848,31.218,in_progress,0.0
2,73.0,3.4184793262687814,3.615176378998126,111.34026109178505,-5.686622142791748,1.5747538566589356,[-5.686622142791748 1.5747538566589356],0.1,False,False,53.235629755016745,63,17.709159380834848,31.283,in_progress,0.0
2,74.0,3.300670686384921,3.735512050757196,107.97552168866386,-2.472242832183838,1.5386128187179566,[-2.472242832183838 1.5386128187179566],0.001,False,False,54.18414021133496,64,17.709159380834848,31.352,in_progress,0.0
2,75.0,3.1869117201751163,3.860030451838638,104.86274226059226,10.419575929641724,1.1329595386981965,[10.419575929641724 1.1329595386981965],0.001,False,False,55.124303165188294,65,17.709159380834848,31.41,in_progress,0.0
2,76.0,3.1037479142075135,3.9613588934010378,102.52762627547304,10.820595502853394,1.1,[10.820595502853394 1.1],0.001,False,False,56.169544283798814,66,17.709159380834848,31.472,in_progress,0.0
2,77.0,3.0446477339112565,4.043205502764027,100.2142223688746,23.468064308166504,1.1,[23.468064308166504 1.1],0.1,False,False,57.13975961552501,67,17.709159380834848,31.548000000000002,in_progress,0.0
2,78.0,2.9816126999497357,4.152930965966711,97.14174201137364,30.0,1.4880352795124054,[30.0 1.4880352795124054],0.1,False,False,57.95155644010269,68,17.709159380834848,31.612,in_progress,0.0
2,79.0,2.9351334826470006,4.249726244906929,96.37718018927968,25.398179054260254,2.024150174856186,[25.398179054260254 2.024150174856186],0.1,False,False,58.76439330538086,69,17.709159380834848,31.677,in_progress,0.0
2,80.0,2.8888279362571256,4.342539009633609,98.92142579632302,28.472405433654785,2.452342550083995,[28.472405433654785 2.452342550083995],0.5,False,False,59.12265508002669,70,17.709159380834848,31.745,in_progress,0.0
2,81.0,2.8266581845078216,4.4470638434218,106.29595724616152,19.21486186981201,2.246870309114456,[19.21486186981201 2.246870309114456],1.0,False,True,59.65370499831999,71,17.709159380834848,31.815,in_progress,0.0
2,82.0,2.7412950682579034,4.561498340190856,116.95950636291258,27.782514095306396,1.5927227914333344,[27.782514095306396 1.5927227914333344],1.0,False,True,60.12863338257204,71,17.709159380834848,31.877,in_progress,0.0
2,83.0,2.6601141709846927,4.650262509193522,125.82343585889284,-0.05940127372741699,1.6863759815692902,[-0.05940127372741699 1.6863759815692902],0.5,False,True,60.5950448988716,72,17.709159380834848,31.953,in_progress,0.0
2,84.0,2.5697398050969618,4.753345648806028,131.68495089984205,3.473140239715576,2.7078202992677687,[3.473140239715576 2.7078202992677687],0.1,False,True,61.09436103392262,72,17.709159380834848,32.012,in_progress,0.0
2,85.0,2.4954683851486634,4.838345773325232,132.98131168942066,13.14031434059143,2.192834258079529,[13.14031434059143 2.192834258079529],0.1,False,True,61.51470823041285,73,17.709159380834848,32.074,in_progress,0.0
2,86.0,2.4074966800123985,4.92779114818503,133.82425272303007,14.296159029006958,2.270335841923952,[14.296159029006958 2.270335841923952],0.001,False,False,61.91848052587701,73,17.709159380834848,32.147,in_progress,0.0
2,87.0,2.2893917899115728,5.0269963048029505,137.12226788854846,13.85361099243164,2.2708066858351232,[13.85361099243164 2.2708066858351232],0.001,False,False,62.56437816046556,74,17.709159380834848,32.213,in_progress,0.0
2,88.0,2.1772791011576254,5.1056253571365975,140.79210870742014,12.345296144485474,2.2606074698269367,[12.345296144485474 2.2606074698269367],0.001,False,False,63.19223226499457,75,17.709159380834848,32.274,off_track,2.0
2,89.0,2.161909166320271,4.67885887105731,-177.89488748164615,9.954951524734497,2.1817923426628116,[9.954951524734497 2.1817923426628116],0.0,False,True,63.35948830708114,75,17.709159380834848,32.346,pause,1.9280000000000044
2,90.0,2.16128516484906,4.678593786469026,-177.8184146907997,17.25789713859558,1.1324150443077088,[17.25789713859558 1.1324150443077088],0.0,False,True,63.36305995936532,75,17.709159380834848,32.402,pause,1.8719999999999999
2,91.0,2.1621292228089475,4.678904509694999,-177.9090102400179,16.947402477264404,1.7558635234832765,[16.947402477264404 1.7558635234832765],0.0,False,True,63.35823777665579,75,17.709159380834848,32.474,pause,1.8000000000000043
2,92.0,2.1619329133231604,4.679034595765331,-177.9440236344948,17.590821504592896,1.6226291477680208,[17.590821504592896 1.6226291477680208],0.0,False,True,63.359321135312676,75,17.709159380834848,32.538,pause,1.7360000000000042
2,93.0,2.16193102489521,4.679013089858065,-177.9444976286747,17.76772427558899,1.5964989960193634,[17.76772427558899 1.5964989960193634],0.0,False,True,63.359335850222806,75,17.709159380834848,32.602,pause,1.6720000000000041
2,94.0,2.162258264411235,4.67893620659729,-177.90777014144135,17.212255239486694,1.7213013410568239,[17.212255239486694 1.7213013410568239],0.0,False,True,63.35750353199732,75,17.709159380834848,32.671,pause,1.6030000000000015
2,95.0,2.162184526079673,4.678945261386444,-177.91086214858956,17.875497579574585,1.3588751196861268,[17.875497579574585 1.3588751196861268],0.0,False,True,63.357917976540634,75,17.709159380834848,32.742,pause,1.5320000000000036
2,96.0,2.1618258556516414,4.678935461088384,-177.91378462393146,17.83419370651245,1.4204143762588501,[17.83419370651245 1.4204143762588501],0.0,False,True,63.35994403330195,75,17.709159380834848,32.805,pause,1.4690000000000012
2,97.0,2.1621292228089475,4.678904509694999,-177.9090102400179,17.75843381881714,1.5466918230056763,[17.75843381881714 1.5466918230056763],0.0,False,True,63.35823777665579,75,17.709159380834848,32.871,pause,1.4029999999999987
2,98.0,2.1619616407416893,4.678968225529305,-177.92833683085024,17.179981470108032,1.7309740781784058,[17.179981470108032 1.7309740781784058],0.0,False,True,63.3591715294047,75,17.709159380834848,32.94,pause,1.3340000000000032
2,99.0,2.1620507895493795,4.678933297248836,-177.9206349495498,17.725619316101074,1.5960653841495516,[17.725619316101074 1.5960653841495516],0.0,False,True,63.35867499492001,75,17.709159380834848,33.013,pause,1.2610000000000028
2,100.0,2.162012599587475,4.678986707329756,-177.94006263533967,17.782501459121704,1.5893876373767855,[17.782501459121704 1.5893876373767855],0.0,False,True,63.35888044910276,75,17.709159380834848,33.07,pause,1.2040000000000006
2,101.0,2.1620077424103306,4.678975212051405,-177.94653045454442,17.327941417694092,1.7117758274078372,[17.327941417694092 1.7117758274078372],0.0,False,True,63.35891002997164,75,17.709159380834848,33.14,pause,1.1340000000000003
2,102.0,2.162167208215292,4.679055163804866,-177.9599030710453,18.079662322998047,1.4195331275463106,[18.079662322998047 1.4195331275463106],0.0,False,True,63.35799497823207,75,17.709159380834848,33.204,pause,1.0700000000000003
2,103.0,2.162008907618392,4.6790458536371995,-177.95012317381824,18.049551486968994,1.5058776795864106,[18.049551486968994 1.5058776795864106],0.0,False,True,63.358890126736256,75,17.709159380834848,33.271,pause,1.0030000000000001
2,104.0,2.162169083113341,4.67894256295546,-177.90780339845838,17.37322211265564,1.698569416999817,[17.37322211265564 1.698569416999817],0.0,False,True,63.35800564021409,75,17.709159380834848,33.343,pause,0.9309999999999974
2,105.0,2.1618833914170095,4.678920362985454,-177.90498176019904,17.87514066696167,1.4258131384849548,[17.87514066696167 1.4258131384849548],0.0,False,True,63.359622170386956,75,17.709159380834848,33.411,pause,0.8629999999999995
2,106.0,2.161772379874785,4.678901177633541,-177.90690107399104,17.22807812690735,1.7006798267364505,[17.22807812690735 1.7006798267364505],0.0,False,True,63.3602522993989,75,17.709159380834848,33.478,pause,0.7959999999999994
2,107.0,2.1619741178976044,4.678954224829214,-177.94996638365097,16.270561695098877,1.842022380232811,[16.270561695098877 1.842022380232811],0.0,False,True,63.35910375415864,75,17.709159380834848,33.542,pause,0.7319999999999993
2,108.0,2.161965104110057,4.679030405315447,-177.96851967425948,17.608667135238647,1.644204127788544,[17.608667135238647 1.644204127788544],0.0,False,True,63.359140252573255,75,17.709159380834848,33.603,pause,0.6709999999999994
2,109.0,2.162281348356232,4.679065807749782,-177.97884475110766,18.055556774139404,1.505240434408188,[18.055556774139404 1.505240434408188],0.0,False,True,63.35734880394486,75,17.709159380834848,33.669,pause,0.605000000000004
2,110.0,2.1622030993133263,4.679062380489564,-177.96935734666653,17.462727069854736,1.7070844352245333,[17.462727069854736 1.7070844352245333],0.0,False,True,63.35779106019165,75,17.709159380834848,33.744,pause,0.5300000000000011
2,111.0,2.1623881910328513,4.679046452653841,-177.94103905054206,18.12007427215576,1.3785643994808199,[18.12007427215576 1.3785643994808199],0.0,False,True,63.35674947354951,75,17.709159380834848,33.808,pause,0.4660000000000011
2,112.0,2.162373970255815,4.679016854051555,-177.9361152247957,17.48173499107361,1.6928308784961703,[17.48173499107361 1.6928308784961703],0.0,False,True,63.356835314599955,75,17.709159380834848,33.865,pause,0.4089999999999989
2,113.0,2.1621292228089475,4.678904509694999,-177.9090102400179,17.324277877807617,1.720909494161606,[17.324277877807617 1.720909494161606],0.0,False,True,63.35823777665579,75,17.709159380834848,33.946,pause,0.32800000000000296
2,114.0,2.1619016661429464,4.678960946160708,-177.92975101350845,18.03290319442749,1.2979851961135864,[18.03290319442749 1.2979851961135864],0.0,False,True,63.35951137795056,75,17.709159380834848,34.003,pause,0.2710000000000008
2,115.0,2.1621292228089475,4.678904509694999,-177.9090102400179,17.681689023971558,1.639947509765625,[17.681689023971558 1.639947509765625],0.0,False,True,63.35823777665579,75,17.709159380834848,34.07,pause,0.20400000000000063
2,116.0,2.162257775759587,4.679033668070874,-177.9474543914008,17.658719301223755,1.6416594088077545,[17.658719301223755 1.6416594088077545],0.0,False,True,63.35748790272493,75,17.709159380834848,34.138,pause,0.13600000000000279
2,117.0,2.1621292228089475,4.678904509694999,-177.9090102400179,18.049747467041016,1.4315471827983857,[18.049747467041016 1.4315471827983857],0.0,False,True,63.35823777665579,75,17.709159380834848,34.208,pause,0.0660000000000025
2,118.0,2.162097937821499,4.679005162269564,-177.94073280371387,18.006680488586426,1.5086799621582032,[18.006680488586426 1.5086799621582032],0.0,False,True,63.3583953488755,75,17.709159380834848,34.267,pause,0.006999999999997897
2,119.0,2.1621292228089475,4.678904509694999,-177.9090102400179,17.715067863464355,1.6253482103347778,[17.715067863464355 1.6253482103347778],0.0,False,True,63.35823777665579,75,17.709159380834848,34.344,pause,-0.0009999999999976694
2,120.0,2.1621292228089475,4.678904509694999,-177.9090102400179,18.041796684265137,1.4522946119308473,[18.041796684265137 1.4522946119308473],0.5,False,True,63.35823777665579,75,17.709159380834848,34.404,in_progress,0.0
2,121.0,2.1540689794356314,4.67693018419214,-177.54182225735855,17.96309208869934,1.1,[17.96309208869934 1.1],0.5,False,True,63.40409938808854,75,17.709159380834848,34.466,in_progress,0.0
2,122.0,2.133835599946715,4.669165734868654,-175.8765921683772,15.879446983337402,1.1,[15.879446983337402 1.1],0.5,False,True,63.5262465809808,75,17.709159380834848,34.543,in_progress,0.0
2,123.0,2.095632463632585,4.654749650694951,-173.1881752986134,10.250253438949585,1.2303453087806702,[10.250253438949585 1.2303453087806702],0.5,False,True,63.74409660963464,75,17.709159380834848,34.615,in_progress,0.0
2,124.0,2.0418816584262407,4.632095487252005,-169.54343141885954,13.107142210006714,1.8398246824741364,[13.107142210006714 1.8398246824741364],0.5,False,True,64.0509683286744,76,17.709159380834848,34.674,in_progress,0.0
2,125.0,1.990748482126691,4.606583537822537,-165.91571480844604,4.085965275764465,1.6880217850208283,[4.085965275764465 1.6880217850208283],0.5,False,True,64.34350112293508,76,17.709159380834848,34.755,in_progress,0.0
2,126.0,1.9071179937212361,4.56974858425355,-162.59599641421892,-13.858002662658691,1.288118201494217,[-13.858002662658691 1.288118201494217],0.5,False,True,64.82109360861492,77,17.709159380834848,34.809,in_progress,0.0
2,127.0,1.8419516068577397,4.546966804680183,-162.07709941481207,-17.79889726638794,1.1,[-17.79889726638794 1.1],1.0,False,True,65.19244881864988,77,17.709159380834848,34.88,in_progress,0.0
2,128.0,1.7563006624836632,4.530095860995929,-164.35617775371634,-14.638501167297363,1.1,[-14.638501167297363 1.1],1.0,False,True,65.67687154662832,78,17.709159380834848,34.947,in_progress,0.0
2,129.0,1.675632886604062,4.521679168634492,-167.3596941834821,1.722338318824768,1.1,[1.722338318824768 1.1],1.0,False,True,66.13147986249676,78,17.709159380834848,35.017,in_progress,0.0
2,130.0,1.5965927919380685,4.51300268844708,-169.29032587004912,24.145248413085938,1.1195077300071716,[24.145248413085938 1.1195077300071716],1.0,False,True,66.57944055125722,79,17.709159380834848,35.083,in_progress,0.0
2,131.0,1.5243562339548853,4.495145147621685,-168.36743661437865,30.0,1.1,[30.0 1.1],1.0,False,True,66.98664517270788,79,17.709159380834848,35.151,in_progress,0.0
2,132.0,1.4444411616096047,4.466605943818345,-165.81190405446483,28.356791496276855,1.1,[28.356791496276855 1.1],1.0,False,True,67.44811922057205,80,17.709159380834848,35.221,in_progress,0.0
2,133.0,1.3672871811754792,4.424852843944301,-161.11837892373856,30.0,1.1,[30.0 1.1],1.0,False,True,67.93211506024538,80,17.709159380834848,35.278,in_progress,0.0
2,134.0,1.3123319050223452,4.387284131987132,-157.11364410401342,30.0,1.1,[30.0 1.1],1.0,False,True,68.28766776329658,81,17.709159380834848,35.344,in_progress,0.0
2,135.0,1.25143720342977,4.339824275604759,-152.70108590585338,30.0,1.1,[30.0 1.1],1.0,False,True,68.79291107626227,81,17.709159380834848,35.406,in_progress,0.0
2,136.0,1.1903487303287208,4.279527301374193,-147.09680000500896,29.05241346359253,1.1,[29.05241346359253 1.1],0.5,False,True,69.26008243670047,82,17.709159380834848,35.481,in_progress,0.0
2,137.0,1.14153443519696,4.22148741826561,-142.1650173801819,26.558761596679688,1.1,[26.558761596679688 1.1],0.5,False,True,69.77746280214875,82,17.709159380834848,35.554,in_progress,0.0
2,138.0,1.0889075370992767,4.1523739500023575,-137.3264380161496,26.15368938446045,1.1,[26.15368938446045 1.1],0.5,False,True,70.36587507091609,83,17.709159380834848,35.609,in_progress,0.0
2,139.0,1.0505429682649308,4.087546653175897,-132.49600893787112,26.921203136444092,1.1,[26.921203136444092 1.1],0.5,False,True,70.78225414640448,84,17.709159380834848,35.68,in_progress,0.0
2,140.0,1.0199657762351306,4.023611340848949,-127.84709235374794,28.506525993347168,1.157064437866211,[28.506525993347168 1.157064437866211],0.5,False,True,71.30860029107859,84,17.709159380834848,35.746,in_progress,0.0
2,141.0,0.9922842709954839,3.9426256979903904,-121.71906349989612,29.004133701324463,1.2916860461235047,[29.004133701324463 1.2916860461235047],0.1,False,True,71.77544530284258,85,17.709159380834848,35.826,in_progress,0.0
2,142.0,0.978107289107434,3.849121940318604,-113.58387872316648,27.714072704315186,1.2866035819053652,[27.714072704315186 1.2866035819053652],0.1,False,True,72.49339073003925,86,17.709159380834848,35.883,in_progress,0.0
2,143.0,0.9752339680364362,3.7705769983329414,-107.14378016629676,17.311511993408203,1.5013108074665071,[17.311511993408203 1.5013108074665071],0.1,False,True,73.17896367585882,86,17.709159380834848,35.957,in_progress,0.0
2,144.0,0.9806250957231684,3.669748658436688,-99.72642939481729,-3.572648763656616,1.9367512315511703,[-3.572648763656616 1.9367512315511703],0.1,False,True,73.98591461794929,87,17.709159380834848,36.026,in_progress,0.0
2,145.0,0.981979048796517,3.569539527498012,-95.92843772199747,-16.502992630004883,2.4065093926154075,[-16.502992630004883 2.4065093926154075],0.1,False,True,74.70156323538582,88,17.709159380834848,36.086,in_progress,0.0
2,146.0,0.9707179398021958,3.470525755591241,-96.20433506080653,-18.0,2.4187892637215556,[-18.0 2.4187892637215556],0.1,False,True,75.25665740866032,89,17.709159380834848,36.147,in_progress,0.0
2,147.0,0.9418625698164137,3.3541250080073484,-99.73900976930712,-9.274040222167969,2.0793627157807353,[-9.274040222167969 2.0793627157807353],0.1,False,True,76.0204995262743,90,17.709159380834848,36.215,in_progress,0.0
2,148.0,0.894562745598507,3.2199899258338998,-104.73281237620243,15.406503438949585,1.9419474840164186,[15.406503438949585 1.9419474840164186],0.5,False,True,76.80743121785136,91,17.709159380834848,36.274,in_progress,0.0
2,149.0,0.8594226352141275,3.1141078943909264,-106.50040169657758,30.0,2.0186952739954,[30.0 2.0186952739954],0.5,False,True,77.35764537580555,91,17.709159380834848,36.349,in_progress,0.0
2,150.0,0.8302919410609466,2.980887091448424,-104.44396298945686,28.388766288757324,2.399945506732911,[28.388766288757324 2.399945506732911],1.0,False,True,78.03476463752217,92,17.709159380834848,36.405,in_progress,0.0
2,151.0,0.8161173753585549,2.8420753984006066,-100.25936902351106,27.449026107788086,1.4693261206150057,[27.449026107788086 1.4693261206150057],1.0,False,True,78.7757052544658,93,17.709159380834848,36.476,in_progress,0.0
2,152.0,0.8142980955864161,2.715838954558921,-95.96010481150728,23.532119750976562,1.352961540222168,[23.532119750976562 1.352961540222168],1.0,False,True,79.47488324592041,94,17.709159380834848,36.544,in_progress,0.0
2,153.0,0.822014862562286,2.596907535714721,-91.69767405574918,21.50026845932007,1.4153512060642244,[21.50026845932007 1.4153512060642244],0.5,False,True,80.14557223231384,95,17.709159380834848,36.608,in_progress,0.0
2,154.0,0.8408351878716869,2.471574024169876,-87.1127859653365,18.52082633972168,1.8235141426324846,[18.52082633972168 1.8235141426324846],0.5,False,True,80.86003126268324,95,17.709159380834848,36.681,in_progress,0.0
2,155.0,0.8641391985831778,2.3781573946773027,-83.11919144263005,16.042694807052612,2.4651094887405636,[16.042694807052612 2.4651094887405636],0.5,False,True,81.4032899626095,96,17.709159380834848,36.739,in_progress,0.0
2,156.0,0.904271568569613,2.2648214059500646,-77.63617257093088,21.15794277191162,3.0110656678676606,[21.15794277191162 3.0110656678676606],1.0,False,True,82.07594107367953,97,17.709159380834848,36.81,in_progress,0.0
2,157.0,0.9636599968749651,2.1413896027487773,-70.95367829429055,1.6349008083343506,2.4425362996757034,[1.6349008083343506 2.4425362996757034],1.0,False,True,82.82646949966879,98,17.709159380834848,36.88,in_progress,0.0
2,158.0,1.0301400246012826,2.0148687034499138,-65.80859538130217,-18.0,2.1836998745799066,[-18.0 2.1836998745799066],1.0,False,True,83.60221544871688,99,17.709159380834848,36.953,in_progress,0.0
2,159.0,1.0885545096425822,1.874473412180828,-65.69576788144812,-14.290390491485596,2.233029501140118,[-14.290390491485596 2.233029501140118],1.0,False,True,84.44537840309167,100,17.709159380834848,37.018,in_progress,0.0
2,160.0,1.1302219263872195,1.73831372230539,-69.37921096943555,-15.378477573394775,2.016305759549141,[-15.378477573394775 2.016305759549141],1.0,False,True,85.2461210728358,101,17.709159380834848,37.083,in_progress,0.0
2,161.0,1.1639312246269118,1.5949758334836777,-73.10453630200526,-14.692208290100098,1.2248062193393707,[-14.692208290100098 1.2248062193393707],1.0,False,True,86.07805399914359,102,17.709159380834848,37.145,in_progress,0.0
2,162.0,1.1842439564885137,1.4751021154143436,-76.30618075418823,2.708625555038452,1.1,[2.708625555038452 1.1],1.0,False,True,86.7658638627786,102,17.709159380834848,37.21,in_progress,0.0
2,163.0,1.2053356775203383,1.3592425828338,-78.16857629601215,25.256216526031494,1.1148343920707704,[25.256216526031494 1.1148343920707704],1.0,False,True,87.44755584090312,103,17.709159380834848,37.278,in_progress,0.0
2,164.0,1.2334054004030102,1.2575823857576616,-76.79161064756262,30.0,1.3147312462329865,[30.0 1.3147312462329865],1.0,False,True,88.04303927268876,104,17.709159380834848,37.34,in_progress,0.0
2,165.0,1.2656927678910734,1.172406485399724,-74.22435266553131,30.0,1.596367734670639,[30.0 1.596367734670639],1.0,False,True,88.57874020627492,105,17.709159380834848,37.408,in_progress,0.0
2,166.0,1.3132216345604715,1.0791665466205407,-69.84654639543828,30.0,1.527693408727646,[30.0 1.527693408727646],1.0,False,True,89.2342093052335,105,17.709159380834848,37.472,in_progress,0.0
2,167.0,1.3702094101109243,0.9988991897611931,-64.31863513832732,30.0,1.9455242395401002,[30.0 1.9455242395401002],1.0,False,True,89.79007962351254,106,17.709159380834848,37.543,in_progress,0.0
2,168.0,1.4460477146889705,0.9132058619000325,-57.77506420807254,30.0,2.5903839126229284,[30.0 2.5903839126229284],1.0,False,True,90.46487127065616,107,17.709159380834848,37.625,in_progress,0.0
2,169.0,1.5595669793841886,0.8178549606022325,-48.41982186283886,30.0,2.4259228862822058,[30.0 2.4259228862822058],1.0,False,True,91.37884831744033,108,17.709159380834848,37.683,in_progress,0.0
2,170.0,1.6637897771102075,0.7535224397574284,-40.50000139917539,30.0,1.9885972172021869,[30.0 1.9885972172021869],1.0,False,True,92.07434273756635,109,17.709159380834848,37.757,in_progress,0.0
2,171.0,1.7881093832102208,0.6938147478065866,-31.865513583241917,30.0,2.096793006360531,[30.0 2.096793006360531],1.0,False,True,92.83151891446096,110,17.709159380834848,37.818,in_progress,0.0
2,172.0,1.908496074508389,0.6502124264113313,-24.364989717973266,30.0,2.300603670626879,[30.0 2.300603670626879],1.0,False,True,93.52984395871657,110,17.709159380834848,37.881,in_progress,0.0
2,173.0,2.0421558318454065,0.6167931361724788,-17.121670367912255,24.684325218200684,2.6762224808335304,[24.684325218200684 2.6762224808335304],1.0,False,True,94.2810588912095,111,17.709159380834848,37.947,in_progress,0.0
2,174.0,2.1739640892539778,0.5970952730378909,-10.850776135151616,15.383228302001953,3.376074731349945,[15.383228302001953 3.376074731349945],0.5,False,True,95.00535925126968,112,17.709159380834848,38.01,in_progress,0.0
2,175.0,2.309970774800858,0.5897154593489847,-5.357531937676582,7.907926797866821,3.7,[7.907926797866821 3.7],0.5,False,True,95.76827153223788,113,17.709159380834848,38.07,in_progress,0.0
2,176.0,2.470856277349058,0.5975215711937598,1.6486446901620266,10.789906024932861,3.7,[10.789906024932861 3.7],0.5,False,True,96.66017849678597,114,17.709159380834848,38.143,in_progress,0.0
2,177.0,2.6482534261267876,0.6216843759258084,9.436627050077039,-12.981513977050781,3.7,[-12.981513977050781 3.7],1.0,False,True,97.6710792224731,115,17.709159380834848,38.213,in_progress,0.0
2,178.0,2.836882910901866,0.6484921662456657,13.511084994953569,-18.0,3.7,[-18.0 3.7],1.0,False,True,98.74163912918121,117,17.709159380834848,38.275,in_progress,0.0
2,179.0,3.0450165762524932,0.6636112873568829,11.086042655264079,-18.0,3.7,[-18.0 3.7],1.0,False,True,99.91728277935385,118,17.709159380834848,38.344,in_progress,0.0
2,180.0,3.236915728889873,0.6647732557464603,4.419275312453049,-18.0,3.7,[-18.0 3.7],1.0,True,True,100,1,17.709159380834848,38.416,lap_complete,0.0
